name,author,variant,color_01,color_02,color_03,color_04,color_05,color_06,color_07,color_08,color_09,color_10,color_11,color_12,color_13,color_14,color_15,color_16,background,foreground,cursor,hash
3024 Day,,,#090300,#DB2D20,#01A252,#FDED02,#01A0E4,#A16A94,#B5E4F4,#A5A2A2,#5C5855,#E8BBD0,#3A3432,#4A4543,#807D7C,#D6D5D4,#CDAB53,#F7F7F7,#F7F7F7,#4A4543,#4A4543,bd77249fbed09b950664ad60f037964b937460a870636673ceece963d62c42be
3024 Night,,,#090300,#DB2D20,#01A252,#FDED02,#01A0E4,#A16A94,#B5E4F4,#A5A2A2,#5C5855,#E8BBD0,#3A3432,#4A4543,#807D7C,#D6D5D4,#CDAB53,#F7F7F7,#090300,#A5A2A2,#A5A2A2,0861bba2c978bd6712a4ee4aa1c8e08b0276dd1197d2bbeacb3e2bb7470161a0
Aci,,,#363636,#FF0883,#83FF08,#FF8308,#0883FF,#8308FF,#08FF83,#B6B6B6,#424242,#FF1E8E,#8EFF1E,#FF8E1E,#1E8EFF,#8E1EFF,#1EFF8E,#C2C2C2,#0D1926,#B4E1FD,#B4E1FD,1f919e8283b414575c29a1fa3015c90bf5a1ca3f28fd634c98a8c1bcbc507d9c
Acme,plan9-for-vimspace (https://github.com/plan9-for-vimspace/acme-colors),light,#101010,#303030,#cccc7c,#ffffca,#eaffff,#505050,#aeeeee,#fcfcce,#101010,#303030,#cccc7c,#ffffca,#eaffff,#505050,#aeeeee,#fcfcce,#ffffea,#000000,#000000,1383e807c957fbeb8b2ec4e1d3a4e6033f93492afb5436a77d746d7b3a97415b
Aco,,,#3F3F3F,#FF0883,#83FF08,#FF8308,#0883FF,#8308FF,#08FF83,#BEBEBE,#474747,#FF1E8E,#8EFF1E,#FF8E1E,#1E8EFF,#8E1EFF,#1EFF8E,#C4C4C4,#1F1305,#B4E1FD,#B4E1FD,219b92d3099952d25254f7fc1bf51eccaff9342972557ee44b309dce3077970a
Adventure Time,,,#050404,#BD0013,#4AB118,#E7741E,#0F4AC6,#665993,#70A598,#F8DCC0,#4E7CBF,#FC5F5A,#9EFF6E,#EFC11A,#1997C6,#9B5953,#C8FAF4,#F6F5FB,#1F1D45,#F8DCC0,#F8DCC0,273eace091081bd7b49aa60beb31e2b0a72fcc22cf301db51292c7aa2c1c9767
Afterglow,,,#151515,#A53C23,#7B9246,#D3A04D,#6C99BB,#9F4E85,#7DD6CF,#D0D0D0,#505050,#A53C23,#7B9246,#D3A04D,#547C99,#9F4E85,#7DD6CF,#F5F5F5,#222222,#D0D0D0,#D0D0D0,1f2b1d2e9964d621f7017a78c67fac5f4d64358ffb2a4089167a002ff85ea3f0
Alien Blood,,,#112616,#7F2B27,#2F7E25,#717F24,#2F6A7F,#47587F,#327F77,#647D75,#3C4812,#E08009,#18E000,#BDE000,#00AAE0,#0058E0,#00E0C4,#73FA91,#0F1610,#637D75,#637D75,15a06af86c367c5891c09563513500ac2dfe4414ea2fb9fd380b36d1e3d87b22
Apprentice,,,#1C1C1C,#AF5F5F,#5F875F,#87875F,#5F87AF,#5F5F87,#5F8787,#6C6C6C,#444444,#FF8700,#87AF87,#FFFFAF,#8FAFD7,#8787AF,#5FAFAF,#FFFFFF,#262626,#BCBCBC,#BCBCBC,1dbf1d6c6a28e9877ee413bde7ecd969a4c9362de28fedf672d4ac180296cd40
Arc Dark,https://hesamrad.com,Dark,#0D1117,#C32424,#24C391,#C3A924,#2455C3,#C224C3,#24BAC3,#E8ECF2,#3B4D68,#D93030,#30D9A4,#D9BD30,#3063D9,#D930D9,#30D1D9,#FFFFFF,#0D1117,#9198A1,#00FF00,a64410dd4d92d943cfba4d4c182220613a9692c522c760a6f9435e0d948c39af
Arc Light,https://hesamrad.com,Light,#0D1117,#C32424,#24C391,#C3A924,#2455C3,#C224C3,#24BAC3,#E8ECF2,#3B4D68,#BE2323,#23BE8D,#BEA423,#2351BE,#BE23BE,#23B6BE,#FFFFFF,#E8ECF2,#333333,#00FF00,fc0fa92a1a7815696117a51815f2be600ca7cf41649d1fc5a5b1b289691a9778
Argonaut,,,#232323,#FF000F,#8CE10B,#FFB900,#008DF8,#6D43A6,#00D8EB,#FFFFFF,#444444,#FF2740,#ABE15B,#FFD242,#0092FF,#9A5FEB,#67FFF0,#FFFFFF,#0E1019,#FFFAF4,#FFFAF4,38d41161f5a667147c96b76e5c5a503a4cb170cc7898ecff6bd9d37e4be1006b
Arthur,,,#3D352A,#CD5C5C,#86AF80,#E8AE5B,#6495ED,#DEB887,#B0C4DE,#BBAA99,#554444,#CC5533,#88AA22,#FFA75D,#87CEEB,#996600,#B0C4DE,#DDCCBB,#1C1C1C,#DDEEDD,#DDEEDD,8e3d7915a678a300751d043a84d0d6c756db5a175d9c68d422399ec2de05433b
Astrodark,,,#111317,#F8747E,#75AD47,#D09214,#50A4E9,#CC83E3,#00B298,#ADB0BB,#576176,#FAA5AB,#A5CD84,#EFBD58,#8DC3F1,#DEAEED,#27FFDF,#CACCD3,#1A1D23,#9B9FA9,#CACCD3,f9c0b0c4cd4e5952aaacbdbae8967e5ac6837c09babea6dd81db757676b52a4b
Atelier Cave,,,#BE4678,#BE4678,#2A9292,#A06E3B,#576DDB,#BF40BF,#398BC6,#E2DFE7,#655F6D,#AA573C,#2A9292,#A06E3B,#955AE7,#BF40BF,#398BC6,#EFECF4,#19171C,#7E7887,#7E7887,16fd82498b01a1d83dfb495ecfe9a52e5933544b3d90a13418c49db989c5230b
Atelier Dune,,,#D73737,#D73737,#60AC39,#AE9513,#6684E1,#D43552,#1FAD83,#E8E4CF,#7D7A68,#B65611,#60AC39,#AE9513,#B854D4,#D43552,#1FAD83,#FEFBEC,#20201D,#999580,#999580,9430f7994e94fc30a5ed71c29e725f50171af9f3d79ebd9be8d25d0b5373adcf
Atelier Estuary,,,#BA6236,#BA6236,#7D9726,#A5980D,#36A166,#9D6C7C,#5B9D48,#E7E6DF,#6C6B5A,#AE7313,#7D9726,#A5980D,#5F9182,#9D6C7C,#5B9D48,#F4F3EC,#22221B,#878573,#878573,02287e03c448bb5afc5d56e29669d20b4e3b9c9ee11fb3b6100246f870735f24
Atelier Forest,,,#F22C40,#F22C40,#7B9726,#C38418,#407EE7,#C33FF3,#3D97B8,#E6E2E0,#766E6B,#DF5320,#7B9726,#C38418,#6666EA,#C33FF3,#3D97B8,#F1EFEE,#1B1918,#9C9491,#9C9491,be7b7c5f820d07c1e5d60c104d122f14c2f65c2d28731508a17d9970ba0e01ed
Atelier Heath,,,#CA402B,#CA402B,#918B3B,#BB8A35,#516AEC,#CC33CC,#159393,#D8CAD8,#776977,#A65926,#918B3B,#BB8A35,#7B59C0,#CC33CC,#159393,#F7F3F7,#1B181B,#9E8F9E,#9E8F9E,8b293dcaa2f33e77347020a25c85529bc8b62392367633fa840d17135a4c8825
Atelier Lakeside,,,#D22D72,#D22D72,#568C3B,#8A8A0F,#257FAD,#B72DD2,#2D8F6F,#C1E4F6,#5A7B8C,#935C25,#568C3B,#8A8A0F,#6B6BB8,#B72DD2,#2D8F6F,#EBF8FF,#161B1D,#7195A8,#7195A8,a198037b97a17682ea8b938ae0c37f5e97332dca502874f54edf5b82bed6008b
Atelier Plateau,,,#CA4949,#CA4949,#4B8B8B,#A06E3B,#7272CA,#BD5187,#5485B6,#E7DFDF,#655D5D,#B45A3C,#4B8B8B,#A06E3B,#8464C4,#BD5187,#5485B6,#F4ECEC,#1B1818,#7E7777,#7E7777,711d397b3380eaa2af97ebeaaa951964ee43f2f275956034eb26b98ace2b603c
Atelier Savanna,,,#B16139,#B16139,#489963,#A07E3B,#478C90,#867469,#1C9AA0,#DFE7E2,#5F6D64,#9F713C,#489963,#A07E3B,#55859B,#867469,#1C9AA0,#ECF4EE,#171C19,#78877D,#78877D,22d66e4391de6d7b185012e690aa3aafabd450a9641b5157e8f60610f31542bb
Atelier Seaside,,,#E6193C,#E6193C,#29A329,#98981B,#3D62F5,#E619C3,#1999B3,#CFE8CF,#687D68,#87711D,#29A329,#98981B,#AD2BEE,#E619C3,#1999B3,#F4FBF4,#131513,#809980,#809980,0631d0c6712097b35ca6ba20c4fb58941840ea43bcac36f89950a3a605ac40bd
Atelier Sulphurpool,,,#C94922,#C94922,#AC9739,#C08B30,#3D8FD1,#9C637A,#22A2C9,#DFE2F1,#6B7394,#C76B29,#AC9739,#C08B30,#6679CC,#9C637A,#22A2C9,#F5F7FF,#202746,#898EA4,#898EA4,0760ce8b8cfe3fc5d457f5f6a4908f4c8739ff843e2cfb7d1deabee989c9d005
Atom,,,#000000,#FD5FF1,#87C38A,#FFD7B1,#85BEFD,#B9B6FC,#85BEFD,#E0E0E0,#000000,#FD5FF1,#94FA36,#F5FFA8,#96CBFE,#B9B6FC,#85BEFD,#E0E0E0,#161719,#C5C8C6,#C5C8C6,0f7b1203801b39236f6a44bcba4d47c45e540c8f04386a9c09a9a47d4d90dad1
Aura,,,#110F18,#FF6767,#61FFCA,#FFCA85,#A277FF,#A277FF,#61FFCA,#EDECEE,#6D6D6D,#FFCA85,#A277FF,#FFCA85,#A277FF,#A277FF,#61FFCA,#EDECEE,#15141B,#EDECEE,#EDECEE,532b19b1363c0fd4cdc37a9be7a066dd78bc51fd97664af0f40b177ba4b9bdf4
Ayaka,Ruhannn (https://github.com/ruhannn),dark,#36283d,#71ADE9,#AB8CAE,#9EA0D3,#8BB8E9,#E1B4CE,#cedaeb,#9098a4,#71ADE9,#AB8CAE,#E59DB1,#9EA0D3,#8BB8E9,#E1B4CE,#cedaeb,#FFFEFE,#36283d,#cedaeb,#cedaeb,557f210daffa7c4e81fb9eaa6555496f10ebdb19dadecaeb22b06510fadf05e7
Ayu Dark,,,#0A0E14,#FF3333,#C2D94C,#FF8F40,#59C2FF,#FFEE99,#95E6CB,#B3B1AD,#4D5566,#FF3333,#C2D94C,#FF8F40,#59C2FF,#FFEE99,#95E6CB,#B3B1AD,#0A0E14,#B3B1AD,#E6B450,f1657d497cc253530286e3d610b2d0d3033ea2fedf570122d90abeaaaac0b961
Ayu Light,,,#575F66,#F51818,#86B300,#F2AE49,#399EE6,#A37ACC,#4CBF99,#FAFAFA,#8A9199,#F51818,#86B300,#F2AE49,#399EE6,#A37ACC,#4CBF99,#FAFAFA,#FAFAFA,#575F66,#FF9940,34d64fb782c08ecdc18842a9d751cb3dc0ed859b31ff4f1383b39442e11d8d7d
Ayu Mirage,,,#1F2430,#FF3333,#BAE67E,#FFA759,#73D0FF,#D4BFFF,#95E6CB,#CBCCC6,#707A8C,#FF3333,#BAE67E,#FFA759,#73D0FF,#D4BFFF,#95E6CB,#CBCCC6,#1F2430,#CBCCC6,#FFCC66,c2ff62d9337762023b66539a56712bfeda6e2536c8c7d295c726e5b9e44e2cad
Azu,,,#000000,#AC6D74,#74AC6D,#ACA46D,#6D74AC,#A46DAC,#6DACA4,#E6E6E6,#262626,#D6B8BC,#BCD6B8,#D6D3B8,#B8BCD6,#D3B8D6,#B8D6D3,#FFFFFF,#09111A,#D9E6F2,#D9E6F2,b87fe309b3d2309fb842f348f47f791b5cd33cb0a423e32499a616a530c08914
Base2Tone Cave,,,#222021,#936c7a,#cca133,#ffcc4d,#9c818b,#cca133,#d27998,#9f999b,#635f60,#ddaf3c,#2f2d2e,#565254,#706b6d,#f0a8c1,#c39622,#ffebf2,#222021,#9f999b,#996e00,ce76c9362e81b411c2fae85c8e3ea363e76a01d6c8504d3795a2f38799a19062
Base2Tone Desert,,,#292724,#816f4b,#ec9255,#ffb380,#957e50,#ec9255,#ac8e53,#ada594,#7e7767,#f29d63,#3d3a34,#615c51,#908774,#ddcba6,#e58748,#f2ead9,#292724,#ada594,#bc672f,9a26159e03d787926eb680f2031f7e952bb28bc0c633cd3c8a974f033b852b50
Base2Tone Drawbridge,,,#1b1f32,#627af4,#67c9e4,#99e9ff,#7289fd,#67c9e4,#8b9efd,#9094a7,#51587b,#75d5f0,#252a41,#444b6f,#5e6587,#c3cdfe,#5cbcd6,#e1e6ff,#1b1f32,#9094a7,#289dbd,a4d7866cce20a870f26de4814842f8d308fcd5b82abdc5e82991ea96fb2bfde5
Base2Tone Earth,,,#322d29,#816d5f,#d9b154,#fcc440,#88786d,#d9b154,#967e6e,#b5a9a1,#6a5f58,#e6b84d,#3f3a37,#5b534d,#796b63,#dfb99f,#cda956,#fff3eb,#322d29,#b5a9a1,#9c8349,e98fc580d655f829fd38d3c16e83a8a2251e35ad2b4828643fbabeb51ff37de5
Base2Tone Evening,,,#2a2734,#8a75f5,#ffad5c,#ffcc99,#9a86fd,#ffad5c,#afa0fe,#a4a1b5,#6c6783,#ffb870,#363342,#545167,#787391,#d9d2fe,#ffa142,#eeebff,#2a2734,#a4a1b5,#b37537,a10c7f59ffa60e928d7b0fb8534f543376e13618e13208c13ca4763e2a922691
Base2Tone Field,,,#18201e,#0fbda0,#3be381,#85ffb8,#25d0b4,#3be381,#40ddc3,#8ea4a0,#5a6d6a,#55ec94,#242e2c,#42524f,#667a77,#88f2e0,#25d46e,#a8fff1,#18201e,#8ea4a0,#00943e,8266710835468b3ad0ae4b8ce9b807fc6c21d9b3e17c3d1bc4d80d438505ba6b
Base2Tone Forest,,,#2a2d2a,#5c705c,#bfd454,#e5fb79,#687d68,#bfd454,#8fae8f,#a1b5a1,#535f53,#cbe25a,#353b35,#485148,#5e6e5e,#c8e4c8,#b1c44f,#f0fff0,#2a2d2a,#a1b5a1,#818b4b,63cbf15e40e0e9d48243e6def0a9f9d36581947c85d129e66162b345a6619e51
Base2Tone Garden,,,#1e1f1e,#3fac39,#db9257,#e0cab8,#4cb946,#db9257,#6bcc66,#969c96,#5d605c,#dba070,#2b2c2a,#505350,#696d69,#b7e3b5,#dd843c,#dcf0db,#1e1f1e,#969c96,#bd5d0f,d17256183cb5a3ce91843c1da909c6c20e5b188ba6b0a27a523b27f86fd5fe32
Base2Tone Heath,,,#222022,#8f6c93,#cc8c33,#ffd599,#9a819c,#cc8c33,#cb79d2,#9e999f,#635f63,#d9b98c,#2f2d2f,#575158,#6f6b70,#eaa8f0,#c38022,#fdebff,#222022,#9e999f,#995900,cb3691d6532b8dc570f620fed0e0ccb336321196ff5a01fb8ac1bf9191ea3343
Base2Tone Lake,,,#192d34,#3e91ac,#cbbb4d,#ffeb66,#499fbc,#cbbb4d,#62b1cb,#7ba8b7,#3d6876,#d6c65c,#223c44,#335966,#467686,#a5d8e9,#c4b031,#e1f7ff,#192d34,#7ba8b7,#84740b,7db8208413062eb5b904ab49269a8873b673f6700b5d6d5a3f59624bf383f9b4
Base2Tone Lavender,,,#201d2a,#9375f5,#d294ff,#ecd1ff,#a286fd,#d294ff,#b5a0fe,#9992b0,#625a7c,#dba8ff,#2c2839,#4b455f,#6e658b,#dcd2fe,#ca80ff,#efebff,#201d2a,#9992b0,#b042ff,8522f7ee4338971575ba44ecb0b4ce213e72e03904b9876438d536d305afb2ac
Base2Tone Mall,,,#1e1e1f,#a17efc,#75bfff,#b3dbff,#b294ff,#75bfff,#c5adff,#97959d,#5e5c60,#8ac8ff,#2b2b2c,#515053,#6a686e,#e5dbff,#69b5f7,#f4f0ff,#1e1e1f,#97959d,#3692e2,edf851a62e04ddcb017d8b614eafcc1c3ff58878e7502431b5649b6b673afebb
Base2Tone Meadow,,,#192834,#277fbe,#80bf40,#a6f655,#4299d7,#80bf40,#47adf5,#7b9eb7,#3d5e76,#8cdd3c,#223644,#335166,#466b86,#afddfe,#73b234,#d1ecff,#192834,#7b9eb7,#4d8217,6091341d86b0bea492ea6765daec00a40a83de26dcd75da38db94d558a773f71
Base2Tone Morning,,,#232834,#1659df,#b29762,#e5ddcd,#3d75e6,#b29762,#728fcb,#8d95a5,#656e81,#c6b28b,#31363f,#4f5664,#707a8f,#b7c9eb,#9a7c42,#dee6f7,#232834,#8d95a5,#594212,ba7d6fdfe59fae5f937b2842373a79353f4bc26e7c53211819a89e71ee09e572
Base2Tone Motel,,,#242323,#956f76,#f8917c,#ffc8bd,#a7868b,#f8917c,#b89da2,#a5979a,#766b6c,#ffa28f,#373434,#5a5354,#86797b,#dec9cc,#f77c64,#f0dbdf,#242323,#a5979a,#e24f32,17b5787e122e0f68388f6277e15df73a577acf33f800dbe9dfbe390d815efdb6
Base2Tone Pool,,,#2a2433,#aa75f5,#f87972,#ffb6b3,#b886fd,#f87972,#c7a0fe,#9a90a7,#635775,#fc8983,#372f42,#574b68,#706383,#e4d2fe,#f36f68,#f3ebff,#2a2433,#9a90a7,#cf504a,6403b5388b1a1741fd38d4a28f31f68bf45de8428facd3921dcb31550bb65d5c
Base2Tone Porch,,,#221e24,#9466a3,#f39b68,#ffc29e,#a77cb6,#f39b68,#ba95c6,#9f95a3,#645a68,#f8aa7c,#302a32,#574e5a,#716774,#dfcbe6,#ec8d55,#f2e3f7,#221e24,#9f95a3,#c46731,27037c089cf309b4d6796eaeac059b518eddfa2a9efe65ebfddfaa72ef3a9e7a
Base2Tone Sea,,,#1d262f,#34659d,#0fc78a,#47ebb4,#57718e,#0fc78a,#6e9bcf,#a1aab5,#4a5f78,#14e19d,#27323f,#405368,#738191,#afd4fe,#0db57d,#ebf4ff,#1d262f,#a1aab5,#067953,d418cb2b2bc191f1a6b8cbc9995edbad337031bbd8395eb691101e3a0d0d6ef7
Base2Tone Space,,,#24242e,#7676f4,#ec7336,#fe8c52,#767693,#ec7336,#8a8aad,#a1a1b5,#5b5b76,#f37b3f,#333342,#515167,#737391,#cecee3,#e66e33,#ebebff,#24242e,#a1a1b5,#b25424,83f1e1852dce5411517b79da16e4c721a5c568122a97226ed7d548e0730928a0
Base2Tone Suburb,,,#1e202f,#7586f5,#fb6fa9,#ffb3d2,#8696fd,#fb6fa9,#a0acfe,#878ba6,#4f5472,#fe81b5,#292c3d,#444864,#5b6080,#d2d8fe,#f764a1,#ebedff,#1e202f,#878ba6,#d14781,18408f1f26e4d46fbe335d879f8bc114850408a0d7beb3a9b5aa946f10cb343a
Base4Tone Classic A,,,#211d1c,#8d9f04,#dd40a4,#f17ec7,#eb8275,#dc9118,#e963b8,#eee8e8,#0d0807,#b9cf17,#f391cf,#f6b1dd,#f8cac3,#e8a02c,#fbbab1,#f9f6f6,#211d1c,#a19391,#81747c,85cdd7403f42037740247afda442c05879c82721411ec4de22769aa3b79db6a0
Base4Tone Classic B,,,#211e1c,#669f04,#de5745,#f18c7e,#e78b55,#c1aa15,#e97263,#eeeae8,#0d0907,#8bcf17,#f39c91,#fbbab1,#f7cdb6,#dcc218,#f5c1a3,#f9f7f6,#211e1c,#a29790,#847371,d443fad2d8978ccdcba1279fee1a48a53b8eeb0f88d960dd0ace4027bd79128d
Base4Tone Classic C,,,#221f1c,#049a61,#de5745,#f18c7e,#e6971a,#adc115,#e97263,#eeebe8,#0d0b07,#16ca85,#f39c91,#fbbab1,#f5d8a8,#c5dc18,#f3cd91,#f9f8f6,#221f1c,#a39b8f,#847371,0f68f890f4e6aaa2e8078f4433c20b7e60b6566e058a3b010f68545a812e46b4
Base4Tone Classic D,,,#21211c,#049582,#da6b2b,#ee9968,#cfb617,#82c115,#e6854d,#eeede8,#0d0c07,#1cc4ae,#f0a57a,#f5c1a3,#f6edb1,#95dc18,#f2e58c,#f9f8f6,#21211c,#a2a090,#85776f,87f73f6fb3fe982c874ff56f75a33c1a514b14564c661545cf1f8d7637dc8e56
Base4Tone Classic E,,,#21211c,#088ea0,#c27905,#e8a02c,#b9cf17,#5cba21,#dc9118,#edeee8,#0d0d07,#25bcd0,#eaa83e,#f3cd91,#eef6b1,#69d425,#e6f28c,#f9f9f6,#21211c,#a0a290,#877d6e,ddcf2b0e7bc02fdfa93e88b7f8517a875be6a6249699a74a216324d7271211b3
Base4Tone Classic F,,,#1f211c,#0b88d0,#a48f04,#dcc218,#8bcf17,#15bc52,#c1aa15,#ebeee8,#0b0d07,#47b5f5,#e6ca1a,#f2e58c,#ddf6b1,#18d85e,#cdf28c,#f8f9f6,#1f211c,#9ba191,#85826f,a8b95defe3ee39e1d849afc87cae70500401e508a38366d1f20aef79736ee515
Base4Tone Classic I,,,#1d201d,#5c6feb,#91a404,#c5dc18,#24cc38,#23b4c7,#adc115,#e8ede9,#080d08,#929ff7,#cee61a,#e6f28c,#b5f2bc,#3ccadd,#97eda1,#f6f9f6,#1d201d,#949e95,#83856f,90d1236560343e982aae0fa5a1d933fe17733223d42dbcb0ef1521db10d87d97
Base4Tone Classic L,,,#1b2221,#7667e4,#0da51f,#2bda3f,#1cc4ae,#659efb,#22bf34,#e8eeed,#070d0c,#a095f3,#3cdd4f,#97eda1,#adf0e7,#88b4fc,#93ece0,#f6f9f8,#1b2221,#8ea4a1,#748176,1c6524e7f607945eccdde7cf68095053e757b4a7a868088cef86162011be6c22
Base4Tone Classic O,,,#1a1d23,#a24ad9,#0d9c89,#1ed2ba,#74a8fb,#9488f2,#1bbba6,#e7eaee,#07090d,#c27eed,#2fdac3,#93ece0,#c7dcff,#aba1f7,#c2d9ff,#f6f7f9,#1a1d23,#8995a9,#6d8884,52fd82de3c1318d5a19c13b24040c7a3422b88ca5416b7c43f626374fea2b2ba
Base4Tone Classic P,,,#1c1d21,#c039d5,#1398aa,#3ccadd,#929ff7,#a57af0,#23b4c7,#e8e8ee,#07080d,#db75eb,#5ad2e2,#a4e6ef,#d0d5fb,#b792f6,#c6cdfb,#f6f6f9,#1c1d21,#9092a2,#6a878a,237ed855f4adc1c5d75382162756a9c0505c22c4c1c4aea4e60f9cdd9ac2736f
Base4Tone Classic Q,,,#1d1d20,#d4359a,#4287f5,#88b4fc,#a095f3,#ba6cea,#659efb,#e9e8ed,#08070d,#eb75c0,#9cc1fc,#c2d9ff,#d9d5fc,#c988f2,#d1cbfb,#f6f6f9,#1d1d20,#95949e,#67768e,807bc4a4185179bc624b1c18df6bbce90a7e1782e6e9d3ce9d9c61fd439866f1
Base4Tone Classic R,,,#1e1d20,#d53975,#6577ec,#a0acf8,#af88f2,#d763e9,#8493f6,#eae8ed,#09070d,#eb75a2,#aeb8f9,#c6cdfb,#ddcbfb,#e17ef1,#d6c2fa,#f7f6f9,#1e1d20,#98949e,#6f7285,203d79610c2fcca7c0438723897dec531f7baa2aae08f1f31040ada309d6129f
Base4Tone Classic S,,,#1f1d20,#d64f3d,#7e70e6,#aba1f7,#c27eed,#e963b8,#9488f2,#ebe8ed,#0b070d,#eb8275,#b7aff8,#d1cbfb,#e6c8f9,#f17ec7,#e0baf7,#f8f6f9,#1f1d20,#9a949e,#767481,e2916cc706eb9bf63a04765e8b03c4833b095ec195289f6b1a1e1c9f830c9cd2
Base4Tone Classic T,,,#201d20,#ce672c,#9263e3,#b792f6,#db75eb,#e96396,#a57af0,#ede8ed,#0c070d,#e78b55,#c0a1f7,#d6c2fa,#f1c3f8,#f17eaa,#edb1f6,#f8f6f9,#201d20,#9d949e,#797481,b471866989b8841b963b19df40e95a7375e7a08c5ce18d8ba01d1d8c5ec681e0
Base4Tone Classic U,,,#201d20,#ce672c,#aa52e0,#c988f2,#eb75dd,#e96375,#ba6cea,#ede8ed,#0d070c,#e78b55,#d19af4,#e0baf7,#f8c3f2,#f17e8e,#f6b1ee,#f9f6f8,#201d20,#9e949d,#7c7481,73e5bda28572ded5b541d8f200903e949b05693462e0865b6efdb18312fed45e
Base4Tone Classic W,,,#201d1e,#b87305,#ca45de,#e17ef1,#eb75a2,#e97263,#d763e9,#ede8ea,#0d080a,#e6971a,#e691f3,#edb1f6,#f8bfd5,#f18c7e,#f6b1cc,#f9f6f7,#201d1e,#9e9498,#7f7481,24d9a66a1a2c98b832bad1213c5e8beab06cfadd2b739cbf57f5e326c0fa6e0d
Base4Tone Modern C,,,#221f1c,#5c6feb,#dd407c,#f17eaa,#e6971a,#1bbba6,#e96396,#eeebe8,#0d0b07,#929ff7,#f391b6,#f6b1cc,#f5d8a8,#1ed2ba,#f3cd91,#f9f8f6,#221f1c,#a39b8f,#817479,7a675694782d4fde1a4935479ff62788cb4541d26c5cf5d45fec6af1dde35d82
Base4Tone Modern N,,,#1a2023,#d53975,#a48f04,#dcc218,#47b5f5,#8493f6,#c1aa15,#e8ebee,#070b0d,#eb75a2,#e6ca1a,#f2e58c,#bbe4fb,#a0acf8,#b1e0fb,#f6f8f9,#1a2023,#8a9da8,#85826f,b80c2711ae1af985995c8ef6e144713b14fbc635b4ed852bb2106359e81fb70e
Base4Tone Modern W,,,#201d1e,#21a00d,#1398aa,#3ccadd,#eb75a2,#e97263,#23b4c7,#ede8ea,#0d080a,#39c723,#5ad2e2,#a4e6ef,#f8bfd5,#f18c7e,#f6b1cc,#f9f6f7,#201d1e,#9e9498,#6a878a,5a894631d98334e3bfb0556d1b54676502c8a2d46605df8f4c4f34e674345fc2
Belafonte Day,,,#20111B,#BE100E,#858162,#EAA549,#426A79,#97522C,#989A9C,#968C83,#5E5252,#BE100E,#858162,#EAA549,#426A79,#97522C,#989A9C,#D5CCBA,#D5CCBA,#45373C,#45373C,24a10a658de92125d958b2efab1ae2ae22ee96c40e5da6c3ac956e9e8fa4e475
Belafonte Night,,,#20111B,#BE100E,#858162,#EAA549,#426A79,#97522C,#989A9C,#968C83,#5E5252,#BE100E,#858162,#EAA549,#426A79,#97522C,#989A9C,#D5CCBA,#20111B,#968C83,#968C83,fbc985161092504203ed800465a141319472f9f3d4fc917e1d13b5f0c74ece79
Bim,,,#2C2423,#F557A0,#A9EE55,#F5A255,#5EA2EC,#A957EC,#5EEEA0,#918988,#918988,#F579B2,#BBEE78,#F5B378,#81B3EC,#BB79EC,#81EEB2,#F5EEEC,#012849,#A9BED8,#A9BED8,be3d79f3597c9bd994573e98a95a25738517f5ef286e275db5823af33970d8b4
Birds Of Paradise,,,#573D26,#BE2D26,#6BA18A,#E99D2A,#5A86AD,#AC80A6,#74A6AD,#E0DBB7,#9B6C4A,#E84627,#95D8BA,#D0D150,#B8D3ED,#D19ECB,#93CFD7,#FFF9D5,#2A1F1D,#E0DBB7,#E0DBB7,48abce2819f89b4f314bd57cd4d6e7d7f2c6c0e8d1f8c77fabba8dcbd0e95125
Blazer,,,#000000,#B87A7A,#7AB87A,#B8B87A,#7A7AB8,#B87AB8,#7AB8B8,#D9D9D9,#262626,#DBBDBD,#BDDBBD,#DBDBBD,#BDBDDB,#DBBDDB,#BDDBDB,#FFFFFF,#0D1926,#D9E6F2,#D9E6F2,364a5a83283ab9e684bca9a342f7911dab81d92c3dae3931430fb45fae299410
Blue Dolphin,,,#292D3E,#FF8288,#B4E88D,#F4D69F,#82AAFF,#E9C1FF,#89EBFF,#D0D0D0,#434758,#FF8B92,#DDFFA7,#FFE585,#9CC4FF,#DDB0F6,#A3F7FF,#FFFFFF,#006984,#C5F2FF,#FFCC00,9e8506e8a748c0fb9621a0906ca3c8c90bbade60e57700f196c2ebcc4da0586f
Blue Moon,kyazdani42 (https://github.com/kyazdani42/blue-moon),dark,#353b52,#d06178,#b4c4b4,#cfcfbf,#959dcb,#b9a3eb,#89bbdd,#ffffff,#8796b0,#e61f44,#acfab4,#dfdf9f,#b8bcf3,#b9a3eb,#89ddff,#ffffff,#1b1e2b,#676e96,#676e96,7640830fb24638bc0a6c44a20dc406103e33b0b3a577275b2a62bd2b70594b25
Blue Moon Light,kyazdani42 (https://github.com/kyazdani42/blue-moon),light,#292d3e,#d06179,#d0e7d0,#cfcfbf,#959dcb,#a9a3db,#89bbdd,#ffffff,#292d3e,#d06179,#d0e7d0,#cfcfbf,#959dcb,#a9a3db,#89bbdd,#ffffff,#32374d,#fbfbfb,#fbfbfb,ff15bd907071d94fa3aa58d81ed36a1ba8c1c725df2e4cdc4b55eb514088962a
Bluloco Light,,,#D5D6DD,#D52753,#23974A,#DF631C,#275FE4,#823FF1,#27618D,#000000,#E4E5ED,#FF6480,#3CBC66,#C5A332,#0099E1,#CE33C0,#6D93BB,#26272D,#F9F9F9,#383A42,#383A42,a3ae8a3f65be1c1a85cb8d00a8df11e0a40a78aab64cc3437d66786bc7b1f4bd
Bluloco Zsh Light,,,#E4E5F1,#D52753,#23974A,#DF631C,#275FE4,#823FF1,#27618D,#000000,#5794DE,#FF6480,#3CBC66,#C5A332,#0099E1,#CE33C0,#6D93BB,#26272D,#F9F9F9,#383A42,#383A42,c59d30953a3b381463e96c45a593df94008328eafa75fbe96f0401ea4820f5d3
Borland,,,#4F4F4F,#FF6C60,#A8FF60,#FFFFB6,#96CBFE,#FF73FD,#C6C5FE,#EEEEEE,#7C7C7C,#FFB6B0,#CEFFAC,#FFFFCC,#B5DCFF,#FF9CFE,#DFDFFE,#FFFFFF,#0000A4,#FFFF4E,#FFFF4E,0ef36524d8fd115b2eaf1b50aeafc70d028c720f26186946396605da90f11031
Breadog,,,#362C24,#B10B00,#007232,#8B4C00,#005CB4,#9B0097,#006A78,#D4C3B7,#514337,#DE1100,#008F40,#AE6000,#0074E1,#C300BD,#008697,#EAE1DA,#F1EBE6,#362C24,#362C24,8553eacecf7fe46616f55c2647a571294c1b1e48f1f68f94425f87025ddc7c64
Breath,,,#1E2229,#ED1515,#44853A,#F67400,#1D99F3,#9B59B6,#1ABC9C,#FCFCFC,#7F8C8D,#C0392B,#55A649,#FDBC4B,#3DAEE9,#8E44AD,#16A085,#FFFFFF,#1E2229,#17A88B,#17A88B,08aaaa69e75435446f31a1c5ef5b47acafad010484332f4422b9e915faab78df
Breath Darker,,,#1E2229,#ED1515,#44853A,#F67400,#1D99F3,#9B59B6,#1ABC9C,#FCFCFC,#7F8C8D,#C0392B,#55A649,#FDBC4B,#3DAEE9,#8E44AD,#16A085,#FFFFFF,#080D14,#17A88B,#17A88B,65a1af1b9c0bb3377e7a1805e1825b74febd54bc6eb464df4b218c785e54b252
Breath Light,,,#E8E8E8,#ED1515,#C0392B,#F67400,#1D99F3,#9B59B6,#1ABC9C,#FCFCFC,#7F8C8D,#C0392B,#55A649,#FDBC4B,#3DAEE9,#8E44AD,#16A085,#FFFFFF,#E8E8E8,#292F34,#292F34,0f0ee2dd7077ac31a77f399c19e7f4aaa9515c3b13a3edf5ecb4f4732dd86c0e
Breath Silverfox,,,#1E2229,#ED1515,#44853A,#F67400,#1D99F3,#9B59B6,#1ABC9C,#FCFCFC,#7F8C8D,#C0392B,#55A649,#FDBC4B,#3DAEE9,#8E44AD,#16A085,#FFFFFF,#1E2229,#BBBBBB,#BBBBBB,15402c6d96e4c913c3981592dec0b314c922df2ba402b85036bb9aa46a6647d9
Breeze,,,#232627,#ED1515,#11D116,#F67400,#1D99F3,#9B59B6,#1ABC9C,#FCFCFC,#7F8C8D,#C0392B,#1CDC9A,#FDBC4B,#3DAEE9,#8E44AD,#16A085,#FFFFFF,#232627,#FCFCFC,#FCFCFC,286eea9c0a595769c51f94fa849c6117954595219329131c6cf327915ad98bf4
Broadcast,,,#000000,#DA4939,#519F50,#FFD24A,#6D9CBE,#D0D0FF,#6E9CBE,#FFFFFF,#323232,#FF7B6B,#83D182,#FFFF7C,#9FCEF0,#FFFFFF,#A0CEF0,#FFFFFF,#2B2B2B,#E6E1DC,#E6E1DC,05528891ce4354326e11af6ddc5703def484587ca557511c46621e2e24fc2a1f
Brogrammer,,,#1F1F1F,#F81118,#2DC55E,#ECBA0F,#2A84D2,#4E5AB7,#1081D6,#D6DBE5,#D6DBE5,#DE352E,#1DD361,#F3BD09,#1081D6,#5350B9,#0F7DDB,#FFFFFF,#131313,#D6DBE5,#D6DBE5,4629f418732a1fa2b1c3bf55b8774a7bc4c0b1d90f431ae467aa7971096e0947
Butrin,,,#8C7E78,#E68A8A,#99CC99,#FAD7A0,#6699CC,#C8A2C8,#6FC3B2,#E2CEBE,#BFACA4,#F2B1B1,#B2D8B2,#F7DCB4,#87CEFA,#D8BFD8,#64DBDB,#F2F2F2,#4B3B3C,#F2F2F2,#E39D93,1df99eb5a5bb3864d895033b43c50ddf520f4a2310e0c5f596f208030bf79523
C64,,,#090300,#883932,#55A049,#BFCE72,#40318D,#8B3F96,#67B6BD,#FFFFFF,#000000,#883932,#55A049,#BFCE72,#40318D,#8B3F96,#67B6BD,#F7F7F7,#40318D,#7869C4,#7869C4,b6e07e46ed1500920d85d18b9eb8ea23308a84fc5b22dbb0a4cec185242aa369
Cai,,,#000000,#CA274D,#4DCA27,#CAA427,#274DCA,#A427CA,#27CAA4,#808080,#808080,#E98DA3,#A3E98D,#E9D48D,#8DA3E9,#D48DE9,#8DE9D4,#FFFFFF,#09111A,#D9E6F2,#D9E6F2,6b50b52e79d6a115f27522285e52f2ce1a519b4840f777a5c3d84531318de0d2
Campbell,,,#0C0C0C,#C50F1F,#13A10E,#C19C00,#0037DA,#881798,#3A96DD,#CCCCCC,#767676,#E74856,#16C60C,#F9F1A5,#3B78FF,#B4009E,#61D6D6,#F2F2F2,#0C0C0C,#CCCCCC,#FFFFFF,9d4a5ebb0ce264ab799114b5b6d30a5d312a2fe00e29210da17fd3ba26d8cde5
Catppuccin Frapp√©,,,#51576D,#E78284,#A6D189,#E5C890,#8CAAEE,#F4B8E4,#81C8BE,#B5BFE2,#626880,#E78284,#A6D189,#E5C890,#8CAAEE,#F4B8E4,#81C8BE,#A5ADCE,#303446,#C6D0F5,#C6D0F5,03149631e32d7104e96fc91058761408e72edbda6a629d7671ec346bef7e7430
Catppuccin Latte,,,#5C5F77,#D20F39,#40A02B,#DF8E1D,#1E66F5,#EA76CB,#179299,#ACB0BE,#6C6F85,#D20F39,#40A02B,#DF8E1D,#1E66F5,#EA76CB,#179299,#BCC0CC,#EFF1F5,#4C4F69,#4C4F69,fdf647cb8a1e77947ccf07d302abaa2c1206a8f915c38b747d8842e5caeae8ec
Catppuccin Macchiato,,,#494D64,#ED8796,#A6DA95,#EED49F,#8AADF4,#F5BDE6,#8BD5CA,#B8C0E0,#5B6078,#ED8796,#A6DA95,#EED49F,#8AADF4,#F5BDE6,#8BD5CA,#A5ADCB,#24273A,#CAD3F5,#CAD3F5,5c359f10062e5e7cb5db5c75fba638ec3c756d2c425f5081845d36d50c175bf6
Catppuccin Mocha,,,#45475A,#F38BA8,#A6E3A1,#F9E2AF,#89B4FA,#F5C2E7,#94E2D5,#BAC2DE,#585B70,#F38BA8,#A6E3A1,#F9E2AF,#89B4FA,#F5C2E7,#94E2D5,#A6ADC8,#1E1E2E,#CDD6F4,#CDD6F4,25fae93478db59fa405b004b027c05c565f0d28dd119ebfe102e5d9b4fd291da
Chalk,,,#646464,#F58E8E,#A9D3AB,#FED37E,#7AABD4,#D6ADD5,#79D4D5,#D4D4D4,#646464,#F58E8E,#A9D3AB,#FED37E,#7AABD4,#D6ADD5,#79D4D5,#D4D4D4,#2D2D2D,#D4D4D4,#D4D4D4,550b23c2ec8b7569b0281e68716dfbc8968a0065445626d1345d6108a65ef767
Chalkboard,,,#000000,#C37372,#72C373,#C2C372,#7372C3,#C372C2,#72C2C3,#D9D9D9,#323232,#DBAAAA,#AADBAA,#DADBAA,#AAAADB,#DBAADA,#AADADB,#FFFFFF,#29262F,#D9E6F2,#D9E6F2,662a4df094f8673f2fcdbf4501cc9b6ea510228998e70f974500e17b7a54a1d7
Chameleon,,,#2C2C2C,#CC231C,#689D69,#D79922,#366B71,#4E5165,#458587,#C8BB97,#777777,#CC231C,#689D69,#D79922,#366B71,#4E5165,#458587,#C8BB97,#2C2C2C,#DEDEDE,#DEDEDE,8b730a5ad65013ca13a9839d36ae83c5e15c4de929198b94fd1518e680d27065
Ciapre,,,#181818,#810009,#48513B,#CC8B3F,#576D8C,#724D7C,#5C4F4B,#AEA47F,#555555,#AC3835,#A6A75D,#DCDF7C,#3097C6,#D33061,#F3DBB2,#F4F4F4,#191C27,#AEA47A,#AEA47A,df2c6a42bbb89e27e2b8427ddf7ea5888d8d7caf2ba9371ed33169bc7fcc49eb
City Lights,,,#41505E,#D95468,#8BD49C,#EBBF83,#539AFC,#B62D65,#70E1E8,#FFFFFF,#41505E,#D95468,#8BD49C,#EBBF83,#539AFC,#B62D65,#70E1E8,#FFFFFF,#171D23,#FFFFFF,#008B94,5395c5777ddc1fd29ec7b2148442860799f3eee43189039abd7dafffa329466f
Clone Of Ubuntu,,,#2E3436,#CC0000,#4E9A06,#C4A000,#3465A4,#75507B,#06989A,#D3D7CF,#555753,#EF2929,#8AE234,#FCE94F,#729FCF,#AD7FA8,#34E2E2,#EEEEEC,#300A24,#FFFFFF,#FFFFFF,a03a68e0e4c594463dee4c9b222579ea14073075f6df41a0ca39ac50a8647abc
Clrs,,,#000000,#F8282A,#328A5D,#FA701D,#135CD0,#9F00BD,#33C3C1,#B3B3B3,#555753,#FB0416,#2CC631,#FDD727,#1670FF,#E900B0,#3AD5CE,#EEEEEC,#FFFFFF,#262626,#262626,875a1c0ff67cc16a8419c4b4612b3ca52ad4179fcca7fd1a224a15947365ae3a
Cobalt 2,,,#000000,#FF0000,#38DE21,#FFE50A,#1460D2,#FF005D,#00BBBB,#BBBBBB,#555555,#F40E17,#3BD01D,#EDC809,#5555FF,#FF55FF,#6AE3FA,#FFFFFF,#132738,#FFFFFF,#FFFFFF,b32bbeb489c7d8ea5d3d18f95dd67dc2a0dd58a7dcc8d361e745fcf667084f69
Cobalt Neon,,,#142631,#FF2320,#3BA5FF,#E9E75C,#8FF586,#781AA0,#8FF586,#BA46B2,#FFF688,#D4312E,#8FF586,#E9F06D,#3C7DD2,#8230A7,#6CBC67,#8FF586,#142838,#8FF586,#8FF586,91bd13837e6e83890e07e5642f56dc3a703877f1b0b421fc775aa3ab1ce273b9
Colorcli,,,#000000,#D70000,#5FAF00,#5FAF00,#005F87,#D70000,#5F5F5F,#E4E4E4,#5F5F5F,#D70000,#5F5F5F,#FFFF00,#0087AF,#0087AF,#0087AF,#FFFFFF,#FFFFFF,#005F87,#005F87,67b8643865ee89d7d79f28322f4ef867a159ac111865ff36b031b8111541dea8
Crayon Pony Fish,,,#2B1B1D,#91002B,#579524,#AB311B,#8C87B0,#692F50,#E8A866,#68525A,#3D2B2E,#C5255D,#8DFF57,#C8381D,#CFC9FF,#FC6CBA,#FFCEAF,#B0949D,#150707,#68525A,#68525A,ac16f5fa0af197c7ba90736947b6434f4d214264b752e9db6190344993579158
Dark Pastel,,,#000000,#FF5555,#55FF55,#FFFF55,#5555FF,#FF55FF,#55FFFF,#BBBBBB,#555555,#FF5555,#55FF55,#FFFF55,#5555FF,#FF55FF,#55FFFF,#FFFFFF,#000000,#FFFFFF,#FFFFFF,3e2beca737c8b5d9b188b1767a5aebcd062298d08501cac1ed75cef4f0668be5
Darkside,,,#000000,#E8341C,#68C256,#F2D42C,#1C98E8,#8E69C9,#1C98E8,#BABABA,#000000,#E05A4F,#77B869,#EFD64B,#387CD3,#957BBE,#3D97E2,#BABABA,#222324,#BABABA,#BABABA,e46d221283d7b6d325c07a10ce28c30f1a1b07e86c8082ff52fb3c798253eb18
Dehydration,,,#333333,#FF5555,#5FD38D,#FF9955,#3771C8,#BC5FD3,#5FD3BC,#999999,#666666,#FF8080,#87DEAA,#FFB380,#5F8DD3,#CD87DE,#87DECD,#CCCCCC,#333333,#CCCCCC,#CCCCCC,cfe367d45af338642e58523171f996d9538bef1357a83bf2a396866ffa0c95e8
Desert,,,#4D4D4D,#FF2B2B,#98FB98,#F0E68C,#CD853F,#FFDEAD,#FFA0A0,#F5DEB3,#555555,#FF5555,#55FF55,#FFFF55,#87CEFF,#FF55FF,#FFD700,#FFFFFF,#333333,#FFFFFF,#FFFFFF,ec0070538e7959f61e5435f3b0e9b1891aa1bbf5ebdc8368e7c1bcdf2c2cb837
Dimmed Monokai,,,#3A3D43,#BE3F48,#879A3B,#C5A635,#4F76A1,#855C8D,#578FA4,#B9BCBA,#888987,#FB001F,#0F722F,#C47033,#186DE3,#FB0067,#2E706D,#FDFFB9,#1F1F1F,#B9BCBA,#B9BCBA,8e62d572586836975ec7c42cf1265fbf1057d97e67b2e6ff20eab453f35836f3
Dissonance,,,#000000,#DC322F,#56DB3A,#FF8400,#0084D4,#B729D9,#CCCCFF,#FFFFFF,#D6DBE5,#DC322F,#56DB3A,#FF8400,#0084D4,#B729D9,#CCCCFF,#FFFFFF,#000000,#FFFFFF,#DC322F,60bab71ccda3dd8acba880a0d44b248a5f953ed1cb49060dfec42ccb44a81f81
Doom One,Henrik Lissner,dark,#1b2229,#ff6c6b,#98be65,#ecbe7b,#2257a0,#a9a1e1,#5699af,#5b6268,#3f444a,#da8548,#4db5bd,#ecbe7b,#51afef,#c678dd,#46d9ff,#bbc2cf,#21242b,#5b6268,#5b6268,df5d3c16141e7e38a6d96530186aa34361ec5b34c5f3e7ce9e6a27b1cf91fee9
Dracula,Dracula (https://draculatheme.com),dark,#262626,#E64747,#42E66C,#E4F34A,#9B6BDF,#E356A7,#75D7EC,#F8F8F2,#7A7A7A,#FF5555,#50FA7B,#F1FA8C,#BD93F9,#FF79C6,#8BE9FD,#F9F9FB,#282A36,#F8F8F2,#F8F8F2,407cedb9b79be33f3f7dcc9ef7f19feda921b2b08dcf9ad9b8f997ef2e6c35ac
Earthsong,,,#121418,#C94234,#85C54C,#F5AE2E,#1398B9,#D0633D,#509552,#E5C6AA,#675F54,#FF645A,#98E036,#E0D561,#5FDAFF,#FF9269,#84F088,#F6F7EC,#292520,#E5C7A9,#E5C7A9,43dfbdf0f3fe3d249fc6c16fd32c661888e110d3261ad10dd3d95dea54192623
Elemental,,,#3C3C30,#98290F,#479A43,#7F7111,#497F7D,#7F4E2F,#387F58,#807974,#555445,#E0502A,#61E070,#D69927,#79D9D9,#CD7C54,#59D599,#FFF1E9,#22211D,#807A74,#807A74,6e5e77a77aeca2dd93674341574fa5534c1a8bcc107a1029ff1f8b515bb39039
Elementary,,,#303030,#E1321A,#6AB017,#FFC005,#004F9E,#EC0048,#2AA7E7,#F2F2F2,#5D5D5D,#FF361E,#7BC91F,#FFD00A,#0071FF,#FF1D62,#4BB8FD,#A020F0,#101010,#F2F2F2,#F2F2F2,e83f19a7fa3a039b2f73ad131ab4859b85e5e89a4eccd0404971bf77763ba047
Elic,,,#303030,#E1321A,#6AB017,#FFC005,#729FCF,#EC0048,#F2F2F2,#2AA7E7,#5D5D5D,#FF361E,#7BC91F,#FFD00A,#0071FF,#FF1D62,#4BB8FD,#A020F0,#4A453E,#F2F2F2,#F2F2F2,e7cbe18665a798ad4b15952436fa0368b10dd0b9ef11bfc63ea606499fde0eb2
Elio,,,#303030,#E1321A,#6AB017,#FFC005,#729FCF,#EC0048,#2AA7E7,#F2F2F2,#5D5D5D,#FF361E,#7BC91F,#FFD00A,#0071FF,#FF1D62,#4BB8FD,#A020F0,#041A3B,#F2F2F2,#F2F2F2,548440eaf7543df245ec64e27858679ed52c6b672ba8279de6e0109d7d6feef5
Espresso,,,#353535,#D25252,#A5C261,#FFC66D,#6C99BB,#D197D9,#BED6FF,#EEEEEC,#535353,#F00C0C,#C2E075,#E1E48B,#8AB7D9,#EFB5F7,#DCF4FF,#FFFFFF,#323232,#FFFFFF,#FFFFFF,003f72b6bfcb075aa16d7b2fe0251ce3bc1bbeb1d6ea1fb2a136823f8e08b6e7
Espresso Libre,,,#000000,#CC0000,#1A921C,#F0E53A,#0066FF,#C5656B,#06989A,#D3D7CF,#555753,#EF2929,#9AFF87,#FFFB5C,#43A8ED,#FF818A,#34E2E2,#EEEEEC,#2A211C,#B8A898,#B8A898,363014edf722330bb04d26d9044ac6feb73d065de783a605718741de61e2cf1f
Everblush,,,#232A2D,#E57474,#8CCF7E,#E5C76B,#67B0E8,#C47FD5,#6CBFBF,#B3B9B8,#2D3437,#EF7E7E,#96D988,#F4D67A,#71BAF2,#CE89DF,#67CBE7,#BDC3C2,#141B1E,#DADADA,#DADADA,aa8b75dffae56c5593bb00c5c698de9bd4882cae4780b7bdca96b28a1747c212
Everforest Dark Hard,,,#2E383C,#E67E80,#A7C080,#DBBC7F,#7FBBB3,#D699B6,#83C092,#D3C6AA,#5C6A72,#F85552,#8DA101,#DFA000,#3A94C5,#DF69BA,#35A77C,#DFDDC8,#272E33,#D3C6AA,#D3C6AA,ef9d1f6ea1bf91bddc4e2a4b3376bfb24026eade7118678c4419355e6f09b1ad
Everforest Dark Medium,,,#343F44,#E67E80,#A7C080,#DBBC7F,#7FBBB3,#D699B6,#83C092,#D3C6AA,#5C6A72,#F85552,#8DA101,#DFA000,#3A94C5,#DF69BA,#35A77C,#DFDDC8,#2D353B,#D3C6AA,#D3C6AA,bf786cb5596774fef108ba49a29b6fd53584f053ea78ca2023a585cfdb9d0f92
Everforest Dark Soft,,,#3A464C,#E67E80,#A7C080,#DBBC7F,#7FBBB3,#D699B6,#83C092,#D3C6AA,#5C6A72,#F85552,#8DA101,#DFA000,#3A94C5,#DF69BA,#35A77C,#DFDDC8,#333C43,#D3C6AA,#D3C6AA,84a0a49c3418d527c391dbb6eaffc0f567abb71066a45f8e4f65e64d43513bca
Everforest Light Hard,,,#5C6A72,#F85552,#8DA101,#DFA000,#3A94C5,#DF69BA,#35A77C,#DFDDC8,#2E383C,#E67E80,#A7C080,#DBBC7F,#7FBBB3,#D699B6,#83C092,#D3C6AA,#FFFBEF,#5C6A72,#5C6A72,46ec540cd14472fbc2e857eedea3cfa8611553f09cac4e81bfb5c6f0e8460e17
Everforest Light Medium,,,#5C6A72,#F85552,#8DA101,#DFA000,#3A94C5,#DF69BA,#35A77C,#DFDDC8,#343F44,#E67E80,#A7C080,#DBBC7F,#7FBBB3,#D699B6,#83C092,#D3C6AA,#FDF6E3,#5C6A72,#5C6A72,26b2d2985acb661e56f944300d167635970927f8fee00fe0f9da8405c91c15bc
Everforest Light Soft,,,#5C6A72,#F85552,#8DA101,#DFA000,#3A94C5,#DF69BA,#35A77C,#DFDDC8,#3A464C,#E67E80,#A7C080,#DBBC7F,#7FBBB3,#D699B6,#83C092,#D3C6AA,#F3EAD3,#5C6A72,#5C6A72,cbacf1f8207bb62c1afd5f2ef40f0d7eb3e795e69aa9424e427ac1f49493e020
Fairy Floss,,,#42395D,#A8757B,#FF857F,#E6C000,#AE81FF,#716799,#C2FFDF,#F8F8F2,#75507B,#FFB8D1,#F1568E,#D5A425,#C5A3FF,#8077A8,#C2FFFF,#F8F8F0,#5A5475,#C2FFDF,#FFB8D1,d70c11d8f56eff40e626d61b09218ddf5201aa1056858d5015655fd3f98c4b22
Fairy Floss Dark,,,#42395D,#A8757B,#FF857F,#E6C000,#AE81FF,#716799,#C2FFDF,#F8F8F2,#75507B,#FFB8D1,#F1568E,#D5A425,#C5A3FF,#8077A8,#C2FFFF,#F8F8F0,#42395D,#C2FFDF,#FFB8D1,e959da5950a5d8c0587aca18edd70389162179608a374761d23ccc73b769c13e
Fishtank,,,#03073C,#C6004A,#ACF157,#FECD5E,#525FB8,#986F82,#968763,#ECF0FC,#6C5B30,#DA4B8A,#DBFFA9,#FEE6A9,#B2BEFA,#FDA5CD,#A5BD86,#F6FFEC,#232537,#ECF0FE,#ECF0FE,9e4f9c3976ba4a5d78b6909dc37d13f8c9d68ae24949c9cb06b03a62905cb290
Flat,,,#2C3E50,#C0392B,#27AE60,#F39C12,#2980B9,#8E44AD,#16A085,#BDC3C7,#34495E,#E74C3C,#2ECC71,#F1C40F,#3498DB,#9B59B6,#2AA198,#ECF0F1,#1F2D3A,#1ABC9C,#1ABC9C,4f852e67b4cb48be9f84eae12b7b9e22e5f2ac7691e9e9485297372d5211fc8e
Flat Remix,,,#1F2229,#D41919,#5EBDAB,#FEA44C,#367BF0,#BF2E5D,#49AEE6,#E6E6E6,#8C42AB,#EC0101,#47D4B9,#FF8A18,#277FFF,#D71655,#05A1F7,#FFFFFF,#272A34,#FFFFFF,#FFFFFF,8bc7e2cc952656e1e0f165288aac67861615688a71a76f74950445ae78265179
Flatland,,,#1D1D19,#F18339,#9FD364,#F4EF6D,#5096BE,#695ABC,#D63865,#FFFFFF,#1D1D19,#D22A24,#A7D42C,#FF8949,#61B9D0,#695ABC,#D63865,#FFFFFF,#1D1F21,#B8DBEF,#B8DBEF,db475c479bb7d15376f26374fb2e5187411091a37b43499b6e99513f81168ec9
Flexoki Dark,,,#282726,#AF3029,#66800B,#AD8301,#205EA6,#A02F6F,#24837B,#E6E4D9,#343331,#D14D41,#879A39,#D0A215,#4385BE,#CE5D97,#3AA99F,#FFFCF0,#100F0F,#878580,#CECDC3,030471476a25876884d04b100e82f8e5476c57c6745999505c4ee3f79abcac06
Flexoki Light,,,#282726,#AF3029,#66800B,#AD8301,#205EA6,#A02F6F,#24837B,#878580,#1C1B1A,#D14D41,#879A39,#D0A215,#4385BE,#CE5D97,#3AA99F,#6F6E69,#FFFCF0,#100F0F,#100F0F,6fb9820a41e6f97d135e2b67d14e2110983ce20be6f5025273696b7bb6648fc7
Foxnightly,,,#2A2A2E,#B98EFF,#FF7DE9,#729FCF,#66A05B,#75507B,#ACACAE,#FFFFFF,#A40000,#BF4040,#66A05B,#FFB86C,#729FCF,#8F5902,#C4A000,#5C3566,#2A2A2E,#D7D7DB,#D7D7DB,7d725612fc82828c181886f40a1ee9e62e74ea6a60c9eab5fb199a4102de3d13
Freya,,,#073642,#DC322F,#859900,#B58900,#268BD2,#EC0048,#2AA198,#94A3A5,#586E75,#CB4B16,#859900,#B58900,#268BD2,#D33682,#2AA198,#6C71C4,#252E32,#94A3A5,#839496,6a59ed502ef8e83b9c68b4f1da6b8f6d698dc2170644bc72d3e12f150d8bd680
Frontend Delight,,,#242526,#F8511B,#565747,#FA771D,#2C70B7,#F02E4F,#3CA1A6,#ADADAD,#5FAC6D,#F74319,#74EC4C,#FDC325,#3393CA,#E75E4F,#4FBCE6,#8C735B,#1B1C1D,#ADADAD,#ADADAD,520ff6baa3d435d7daaa665a4c91384f86a3a0f60cf8734c5ce7c5de652e459c
Frontend Fun Forrest,,,#000000,#D6262B,#919C00,#BE8A13,#4699A3,#8D4331,#DA8213,#DDC265,#7F6A55,#E55A1C,#BFC65A,#FFCB1B,#7CC9CF,#D26349,#E6A96B,#FFEAA3,#251200,#DEC165,#DEC165,8a7fe1d2cb6d31fe5d4f146cddc315bc194974f2a29fc3e6bee32985d4006070
Frontend Galaxy,,,#000000,#F9555F,#21B089,#FEF02A,#589DF6,#944D95,#1F9EE7,#BBBBBB,#555555,#FA8C8F,#35BB9A,#FFFF55,#589DF6,#E75699,#3979BC,#FFFFFF,#1D2837,#FFFFFF,#FFFFFF,4f115d6ff32f06dce67268fbc499d3b39caf5470cceb4d10569068a1d3f3afcd
Geohot,,,#F9F5F5,#CC0000,#1F1E1F,#ADA110,#FF004E,#75507B,#06919A,#FFFFFF,#555753,#EF2929,#FF0000,#ADA110,#5F4AA6,#B74438,#408F0C,#FFFFFF,#1F1E1F,#FFFFFF,#FFFFFF,b68253e74007adcade7c9a94c2d950354fe874867fb5b2be5901cc89c726d98f
Github Dark,,,#000000,#F78166,#56D364,#E3B341,#6CA4F8,#DB61A2,#2B7489,#FFFFFF,#4D4D4D,#F78166,#56D364,#E3B341,#6CA4F8,#DB61A2,#2B7489,#FFFFFF,#101216,#8B949E,#C9D1D9,d75dd30bccb7a1fea7598bd03375ba6b108b20e819716f02cbb1f86032266f56
Github Light,,,#24292f,#cf222e,#1a7f37,#9a6700,#0969da,#8250df,#1b7c83,#6e7781,#57606a,#a40e26,#2da44e,#bf8700,#218bff,#a475f9,#3192aa,#8c959f,#f6f8fa,#1f2328,#1f2328,a21d84f605749472b2473a9621f5b0a23a64acbbf4c9c313e4261752e73c3a64
Gogh,,,#292D3E,#F07178,#62DE84,#FFCB6B,#75A1FF,#F580FF,#60BAEC,#ABB2BF,#959DCB,#F07178,#C3E88D,#FF5572,#82AAFF,#FFCB6B,#676E95,#FFFEFE,#292D3E,#BFC7D5,#BFC7D5,9d6bd14b23f61096d3f3c0f4ac6bde7eeff3c84b05a5d1c3d2881509bbba7e7f
Gooey,,,#000009,#BB4F6C,#72CCAE,#C65E3D,#58B6CA,#6488C4,#8D84C6,#858893,#1F222D,#EE829F,#A5FFE1,#F99170,#8BE9FD,#97BBF7,#C0B7F9,#FFFFFF,#0D101B,#EBEEF9,#EBEEF9,aab139ba41ecacbbfce55b0d66ab816fa2c4dbd622414de7cd2e79983607e055
Google Dark,,,#202124,#EA4335,#34A853,#FBBC04,#4285F4,#A142F4,#24C1E0,#E8EAED,#5F6368,#EA4335,#34A853,#FBBC05,#4285F4,#A142F4,#24C1E0,#FFFFFF,#202124,#E8EAED,#E8EAED,506e5804eac6bcae187383fd4768c2b026bc734b1d4107fcd1a69cfcaee9b31f
Google Light,,,#202124,#EA4335,#34A853,#FBBC04,#4285F4,#A142F4,#24C1E0,#E8EAED,#5F6368,#EA4335,#34A853,#FBBC05,#4285F4,#A142F4,#24C1E0,#FFFFFF,#FFFFFF,#5F6368,#5F6368,7bb6e3de385d87f04b1903af2496d04c41dca10a3701b5b4be7d2c936b622071
Gotham,,,#0A0F14,#C33027,#26A98B,#EDB54B,#195465,#4E5165,#33859D,#98D1CE,#10151B,#D26939,#081F2D,#245361,#093748,#888BA5,#599CAA,#D3EBE9,#0A0F14,#98D1CE,#98D1CE,b3fc1edf2a8f02abb29af13b8e75fc5559c6cdb7bc23ca5a6cae0681062516e9
Grape,,,#2D283F,#ED2261,#1FA91B,#8DDC20,#487DF4,#8D35C9,#3BDEED,#9E9EA0,#59516A,#F0729A,#53AA5E,#B2DC87,#A9BCEC,#AD81C2,#9DE3EB,#A288F7,#171423,#9F9FA1,#9F9FA1,742901dcd134cb788caaa4f37cd89ebaaf921fe6c25fc9395da196df1942e3e2
Grass,,,#000000,#BB0000,#00BB00,#E7B000,#0000A3,#950062,#00BBBB,#BBBBBB,#555555,#BB0000,#00BB00,#E7B000,#0000BB,#FF55FF,#55FFFF,#FFFFFF,#13773D,#FFF0A5,#FFF0A5,8ec5ffca21d6ca622277e72fb6fad7dfec1afb72945f00499e048ed62159312b
Gruvbox,,,#FBF1C7,#CC241D,#98971A,#D79921,#458588,#B16286,#689D6A,#7C6F64,#928374,#9D0006,#79740E,#B57614,#076678,#8F3F71,#427B58,#3C3836,#FBF1C7,#3C3836,#3C3836,01060a90ad107aa5025a7eefb3f6dc61b1d11c861bc607b94f334ff6a0f02f27
Gruvbox Dark,,,#282828,#CC241D,#98971A,#D79921,#458588,#B16286,#689D6A,#A89984,#928374,#FB4934,#B8BB26,#FABD2F,#83A598,#D3869B,#8EC07C,#EBDBB2,#282828,#EBDBB2,#EBDBB2,95b37bba530d0f04eb659fdfdad5197d23ffe2f032a978805c11724d3845c139
Gruvbox Material Dark,,,#3C3836,#EA6962,#A9B665,#D8A657,#7DAEA3,#D3869B,#89B482,#D4BE98,#3C3836,#EA6962,#A9B665,#D8A657,#7DAEA3,#D3869B,#89B482,#D4BE98,#282828,#D4BE98,#D4BE98,b4215026b0d70de8f2b8fab353cbd3ca84473942d88e9b03d582691d0907d037
Gruvbox Material Light,,,#F2E5BC,#C14A4A,#6C782E,#B47109,#45707A,#945E80,#4C7A5D,#654735,#F2E5BC,#C14A4A,#6C782E,#B47109,#45707A,#945E80,#4C7A5D,#654735,#FBF1C7,#654735,#654735,f4e822cc72ca0ed93fc37104a772a8a36cd319f800afabcaf7b5f52b470b6272
Guezwhoz,Egor Lem (http://egorlem.com),dark,#333333,#E85181,#7AD694,#B7D074,#5AA0D6,#9A90E0,#58D6CE,#D9D9D9,#808080,#e85181,#AFD7AF,#d1ed85,#64B2ED,#A398ED,#61EDE4,#EDEDED,#1d1d1d,#d9d9d9,#99d4b1,de7998617e80b359e0dad9aa147528ef4693f0f4706e77d82ce4ed5746b0b1f7
Hardcore,,,#1B1D1E,#F92672,#A6E22E,#FD971F,#66D9EF,#9E6FFE,#5E7175,#CCCCC6,#505354,#FF669D,#BEED5F,#E6DB74,#66D9EF,#9E6FFE,#A3BABF,#F8F8F2,#121212,#A0A0A0,#A0A0A0,fcf0ecf38dead08708d1b94d77059fff53643caed6c029d760733f5cb033b775
Harper,,,#010101,#F8B63F,#7FB5E1,#D6DA25,#489E48,#B296C6,#F5BFD7,#A8A49D,#726E6A,#F8B63F,#7FB5E1,#D6DA25,#489E48,#B296C6,#F5BFD7,#FEFBEA,#010101,#A8A49D,#A8A49D,07b7cc65ec447024236c5adf4c5882a91380c43ae0230ad518ebf0ed8ab39e93
Hemisu Dark,,,#444444,#FF0054,#B1D630,#9D895E,#67BEE3,#B576BC,#569A9F,#EDEDED,#777777,#D65E75,#BAFFAA,#ECE1C8,#9FD3E5,#DEB3DF,#B6E0E5,#FFFFFF,#000000,#FFFFFF,#BAFFAA,05aece8e31f9d33e45bfbded758642246a252b8f96d05e11385168776f4085d9
Hemisu Light,,,#777777,#FF0055,#739100,#503D15,#538091,#5B345E,#538091,#999999,#999999,#D65E76,#9CC700,#947555,#9DB3CD,#A184A4,#85B2AA,#BABABA,#EFEFEF,#444444,#FF0054,91fcc08cf3aafa36db14820e2da4c4e8b20249b53157cbc7bb54fbb07891543c
Highway,,,#000000,#D00E18,#138034,#FFCB3E,#006BB3,#6B2775,#384564,#EDEDED,#5D504A,#F07E18,#B1D130,#FFF120,#4FC2FD,#DE0071,#5D504A,#FFFFFF,#222225,#EDEDED,#EDEDED,bb7dc7aca833a0f18036db836372a58235451d1b8bcc615c854496e745348b7b
Hipster Green,,,#000000,#B6214A,#00A600,#BFBF00,#246EB2,#B200B2,#00A6B2,#BFBFBF,#666666,#E50000,#86A93E,#E5E500,#0000FF,#E500E5,#00E5E5,#E5E5E5,#100B05,#84C138,#84C138,8dd488f58c5dea7d5026b6f4d2212c1f11add6af8c0dfc1f91aade2175e9ee6a
Homebrew,,,#000000,#990000,#00A600,#999900,#0000B2,#B200B2,#00A6B2,#BFBFBF,#666666,#E50000,#00D900,#E5E500,#0000FF,#E500E5,#00E5E5,#E5E5E5,#000000,#00FF00,#00FF00,1a9633f12b95cf3acbac49603c0a3aa28729b651bd1f705c01dc1e81692d969b
Homebrew Light,,,#000000,#990000,#00A600,#999900,#0000B2,#B200B2,#00A6B2,#BFBFBF,#666666,#E50000,#00D900,#E5E500,#0000FF,#E500E5,#00E5E5,#E5E5E5,#FFFFFF,#000000,#000000,1398d0263fb0a732519b7ea0d7aeb24f557f9d2df7df94be32e242194b33d309
Homebrew Ocean,,,#000000,#990000,#00A600,#999900,#0000B2,#B200B2,#00A6B2,#BFBFBF,#666666,#E50000,#00D900,#E5E500,#0000FF,#E500E5,#00E5E5,#E5E5E5,#224FBC,#FFFFFF,#FFFFFF,d308a5025336432b8aa35a6e301d3f86e020771a47e3370ec6ef3879ed77e1fc
Horizon Bright,,,#16161C,#DA103F,#1EB980,#F6661E,#26BBD9,#EE64AE,#1D8991,#FADAD1,#1A1C23,#F43E5C,#07DA8C,#F77D26,#3FC6DE,#F075B7,#1EAEAE,#FDF0ED,#FDF0ED,#1C1E26,#1C1E26,1e29123bfcbf1fc81e9ad9b97b623ecf27f2824512b2e19f9cb6aed8c7e0c75e
Horizon Dark,,,#16161C,#E95678,#29D398,#FAB795,#26BBD9,#EE64AE,#59E3E3,#FADAD1,#232530,#EC6A88,#3FDAA4,#FBC3A7,#3FC6DE,#F075B7,#6BE6E6,#FDF0ED,#1C1E26,#FDF0ED,#FDF0ED,67050e41df2d3e977de6140c3cddf98066c9bc1b2dadba24ccfdd4a911922393
Hurtado,,,#575757,#FF1B00,#A5E055,#FBE74A,#496487,#FD5FF1,#86E9FE,#CBCCCB,#262626,#D51D00,#A5DF55,#FBE84A,#89BEFF,#C001C1,#86EAFE,#DBDBDB,#000000,#DBDBDB,#DBDBDB,53f897672ffd61ce6b3b3b331830d9a5946cb65a984a5bad1a676c11a674da8f
Hybrid,,,#282A2E,#A54242,#8C9440,#DE935F,#5F819D,#85678F,#5E8D87,#969896,#373B41,#CC6666,#B5BD68,#F0C674,#81A2BE,#B294BB,#8ABEB7,#C5C8C6,#141414,#94A3A5,#94A3A5,72d421b0dda0857c38a9b0048a6b04d5f28d578918b406c5a78761b4e955b454
Ibm 3270 (High Contrast),,,#000000,#FF0000,#00FF00,#FFFF00,#00BFFF,#FFC0CB,#40E0D0,#BEBEBE,#414141,#FFA500,#98FB98,#FFFF00,#0000CD,#A020F0,#AEEEEE,#FFFFFF,#000000,#FDFDFD,#FDFDFD,406ed9c28b663a1ddba9cd75d95e0b718409020a6f6b2ed8f731d439ff13f7a4
Ibm3270,,,#222222,#F01818,#24D830,#F0D824,#7890F0,#F078D8,#54E4E4,#A5A5A5,#888888,#EF8383,#7ED684,#EFE28B,#B3BFEF,#EFB3E3,#9CE2E2,#FFFFFF,#000000,#FDFDFD,#FDFDFD,1a15ee89dd445e0c22be04cba1680a600cb7f40bffd098947b0a44b1fb961726
Ic Green Ppl,,,#1F1F1F,#FB002A,#339C24,#659B25,#149B45,#53B82C,#2CB868,#E0FFEF,#032710,#A7FF3F,#9FFF6D,#D2FF6D,#72FFB5,#50FF3E,#22FF71,#DAEFD0,#3A3D3F,#D9EFD3,#D9EFD3,bf6e9c405ee4ebc9ab78f071b66336526c9c721d39ede7d7549ff1a4e9822a3e
Ic Orange Ppl,,,#000000,#C13900,#A4A900,#CAAF00,#BD6D00,#FC5E00,#F79500,#FFC88A,#6A4F2A,#FF8C68,#F6FF40,#FFE36E,#FFBE55,#FC874F,#C69752,#FAFAFF,#262626,#FFCB83,#FFCB83,1aa25c37313129a8791010ca5de510469d41ae5da4c6a9970f394a65ec5ad4f3
Iceberg,,,#161821,#e27878,#b4be82,#e2a478,#84a0c6,#a093c7,#89b8c2,#c6c8d1,#6b7089,#e98989,#c0ca8e,#e9b189,#91acd1,#ada0d3,#95c4ce,#d2d4de,#161821,#c6c8d1,#d2d4de,01f4ba5dc15e03afef2e2021a22c9bde1a76947cf258b029d00f3499283f01c0
Idle Toes,,,#323232,#D25252,#7FE173,#FFC66D,#4099FF,#F680FF,#BED6FF,#EEEEEC,#535353,#F07070,#9DFF91,#FFE48B,#5EB7F7,#FF9DFF,#DCF4FF,#FFFFFF,#323232,#FFFFFF,#FFFFFF,8f8e94f273cb74987c327e0757e39f708fbca7e952b8bd09acdef1110e0a9ff1
Ir Black,,,#4E4E4E,#FF6C60,#A8FF60,#FFFFB6,#69CBFE,#FF73FD,#C6C5FE,#EEEEEE,#7C7C7C,#FFB6B0,#CEFFAC,#FFFFCB,#B5DCFE,#FF9CFE,#DFDFFE,#FFFFFF,#000000,#EEEEEE,#FFA560,ab34433339fba70edf7aa0996c1f38d36da082026dbf22aea27808435c4dfc70
Jackie Brown,,,#2C1D16,#EF5734,#2BAF2B,#BEBF00,#246EB2,#D05EC1,#00ACEE,#BFBFBF,#666666,#E50000,#86A93E,#E5E500,#0000FF,#E500E5,#00E5E5,#E5E5E5,#2C1D16,#FFCC2F,#FFCC2F,e57be50c8d961ee5e3cd60762253ddbeceb4014dc0ca1a9a5a4ada0f8bbe6e63
Japanesque,,,#343935,#CF3F61,#7BB75B,#E9B32A,#4C9AD4,#A57FC4,#389AAD,#FAFAF6,#595B59,#D18FA6,#767F2C,#78592F,#135979,#604291,#76BBCA,#B2B5AE,#1E1E1E,#F7F6EC,#F7F6EC,d5e4f75b0a7c2dcb544bda6076fd79e99d54ef69faa604c388032f1cde33ed17
Jellybeans,,,#929292,#E27373,#94B979,#FFBA7B,#97BEDC,#E1C0FA,#00988E,#DEDEDE,#BDBDBD,#FFA1A1,#BDDEAB,#FFDCA0,#B1D8F6,#FBDAFF,#1AB2A8,#FFFFFF,#121212,#DEDEDE,#DEDEDE,b91fe331499420c0c2bb1cdc27e1a3b4e4a15963c35d483e8963c6d3e3af0298
Jup,,,#000000,#DD006F,#6FDD00,#DD6F00,#006FDD,#6F00DD,#00DD6F,#F2F2F2,#7D7D7D,#FF74B9,#B9FF74,#FFB974,#74B9FF,#B974FF,#74FFB9,#FFFFFF,#758480,#23476A,#23476A,0103e7856a4f31e1f2f841b576ea453d1b8bc934f2b95d45edabd7e24444cda1
Kanagawa Dragon,,,#0D0C0C,#C4746E,#8A9A7B,#C4B28A,#8BA4B0,#A292A3,#8EA4A2,#C8C093,#A6A69C,#E46876,#87A987,#E6C384,#7FB4CA,#938AA9,#7AA89F,#C5C9C5,#181616,#C5C9C5,#C8C093,32b161849d0d6414de34bf56fef740da9458f3aca128c8bf3a4227c86ce37b25
Kanagawa Lotus,,,#1f1f28,#c84053,#6f894e,#77713f,#4d699b,#b35b79,#597b75,#545464,#8a8980,#d7474b,#6e915f,#836f4a,#6693bf,#624c83,#5e857a,#43436c,#f2ecbc,#545464,#43436c,5eac06fbfca735eabfe3c46e88263cc060f75bd84aabdaefc29fe1e7100896aa
Kanagawa Wave,,,#090618,#C34043,#76946A,#C0A36E,#7E9CD8,#957FB8,#6A9589,#C8C093,#727169,#E82424,#98BB6C,#E6C384,#7FB4CA,#938AA9,#7AA89F,#DCD7BA,#1F1F28,#DCD7BA,#DCD7BA,16f3fe0af3eb4d39faf4c10ddef2d12459d0090ffc369d985b92371673a3e578
Kibble,,,#4D4D4D,#C70031,#29CF13,#D8E30E,#3449D1,#8400FF,#0798AB,#E2D1E3,#5A5A5A,#F01578,#6CE05C,#F3F79E,#97A4F7,#C495F0,#68F2E0,#FFFFFF,#0E100A,#F7F7F7,#F7F7F7,584c60a9fa693cbf2cd86374fb8d1db7acf3e01a6ca887efcc4162b1089be977
Kokuban,,,#2E8744,#D84E4C,#95DA5A,#D6E264,#4B9ED7,#945FC5,#D89B25,#D8E2D7,#34934F,#FF4F59,#AFF56A,#FCFF75,#57AEFF,#AE63E9,#FFAA2B,#FFFEFE,#0D4A08,#D8E2D7,#D8E2D7,8d7fe162aa444cc4a28b0eaf1ec53be282f065a7b1d2e9e5293f15217742f9ce
Laserwave,,,#39243A,#EB64B9,#AFD686,#FEAE87,#40B4C4,#B381C5,#215969,#91889B,#716485,#FC2377,#50FA7B,#FFE261,#74DFC4,#6D75E0,#B4DCE7,#FFFFFF,#1F1926,#E0E0E0,#C7C7C7,5b8dd8fc08d15520b1f7116bf935976bda25f641fcbb89a3383f737452bc0226
Later This Evening,,,#2B2B2B,#D45A60,#AFBA67,#E5D289,#A0BAD6,#C092D6,#91BFB7,#3C3D3D,#454747,#D3232F,#AABB39,#E5BE39,#6699D6,#AB53D6,#5FC0AE,#C1C2C2,#222222,#959595,#959595,d26f31afbefd34d2863c131567c954b16ec1d095cce559a506ffebb01a4ca0c9
Lavandula,,,#230046,#7D1625,#337E6F,#7F6F49,#4F4A7F,#5A3F7F,#58777F,#736E7D,#372D46,#E05167,#52E0C4,#E0C386,#8E87E0,#A776E0,#9AD4E0,#8C91FA,#050014,#736E7D,#736E7D,19274bd870c724e74e57e940aa80c60ced82c617ba0816505d930c0b1b919ee8
Liquid Carbon,,,#000000,#FF3030,#559A70,#CCAC00,#0099CC,#CC69C8,#7AC4CC,#BCCCCC,#000000,#FF3030,#559A70,#CCAC00,#0099CC,#CC69C8,#7AC4CC,#BCCCCC,#303030,#AFC2C2,#AFC2C2,e3e1da4b47a2ee2576e5f68a8ccdc1baf7d8f10ce95720ddeb79611cf4253769
Liquid Carbon Transparent,,,#000000,#FF3030,#559A70,#CCAC00,#0099CC,#CC69C8,#7AC4CC,#BCCCCC,#000000,#FF3030,#559A70,#CCAC00,#0099CC,#CC69C8,#7AC4CC,#BCCCCC,#000000,#AFC2C2,#AFC2C2,a2bd74e025439cae4cf9c05e0647f916668e5f7ed8b7a5b117fc2f0403788b19
Lunaria Dark,,,#36464E,#846560,#809984,#A79A79,#555673,#866C83,#7E98B4,#CACED8,#404F56,#BB928B,#BFDCC2,#F1DFB6,#777798,#BF9DB9,#BDDCFF,#DFE2ED,#36464E,#CACED8,#CACED8,b0f1c5950411a4dd3046df3330dd244c023b849916e950b4dc15e0a7da8d1df0
Lunaria Eclipse,,,#323F46,#83615B,#7F9781,#A69875,#53516F,#856880,#7D96B2,#C9CDD7,#3D4950,#BA9088,#BEDBC1,#F1DFB4,#767495,#BE9CB8,#BCDBFF,#DFE2ED,#323F46,#C9CDD7,#C9CDD7,d6f6301f7b69af2a1564170afb941bc8a5c7cdfc408accbea2fb0d5fad358f55
Lunaria Light,,,#3E3C3D,#783C1F,#497D46,#8F750B,#3F3566,#793F62,#3778A9,#D5CFCC,#484646,#B06240,#7BC175,#DCB735,#5C4F89,#B56895,#64BAFF,#EBE4E1,#EBE4E1,#484646,#484646,9e4166f29601a1c257502abf0573e7a5651d9e2f987c42d20c461646a2ee9d4f
Maia,,,#232423,#BA2922,#7E807E,#4C4F4D,#16A085,#43746A,#00CCCC,#E0E0E0,#282928,#CC372C,#8D8F8D,#4E524F,#13BF9D,#487D72,#00D1D1,#E8E8E8,#31363B,#BDC3C7,#BDC3C7,e3b4160dd150a73eb2f6642b85387bff8532836c828fcd2f1f020e4824ff2f84
Man Page,,,#000000,#CC0000,#00A600,#999900,#0000B2,#B200B2,#00A6B2,#CCCCCC,#666666,#E50000,#00D900,#E5E500,#0000FF,#E500E5,#00E5E5,#E5E5E5,#FEF49C,#000000,#000000,ae068749b2f599e5b8d100c13fd5929322fd84f15e7dcff4d13db8ce31f0a045
Mar,,,#000000,#B5407B,#7BB540,#B57B40,#407BB5,#7B40B5,#40B57B,#F8F8F8,#737373,#CD73A0,#A0CD73,#CDA073,#73A0CD,#A073CD,#73CDA0,#FFFFFF,#FFFFFF,#23476A,#23476A,f6f079029bd4bbf262601921d740b4dc1d2dd95211bc3a168638b1cb648548d7
Material,,,#073641,#EB606B,#C3E88D,#F7EB95,#80CBC3,#FF2490,#AEDDFF,#FFFFFF,#002B36,#EB606B,#C3E88D,#F7EB95,#7DC6BF,#6C71C3,#34434D,#FFFFFF,#1E282C,#C3C7D1,#657B83,7ae55f2c5c0cb062fe0065d3318717a598bbd809a70dda7fe8428530e1762cde
Mathias,,,#000000,#E52222,#A6E32D,#FC951E,#C48DFF,#FA2573,#67D9F0,#F2F2F2,#555555,#FF5555,#55FF55,#FFFF55,#5555FF,#FF55FF,#55FFFF,#FFFFFF,#000000,#BBBBBB,#BBBBBB,e19270a109bedbdcabd7a269b336faf0c202b979bb902740dee0d76272d408ba
Medallion,,,#000000,#B64C00,#7C8B16,#D3BD26,#616BB0,#8C5A90,#916C25,#CAC29A,#5E5219,#FF9149,#B2CA3B,#FFE54A,#ACB8FF,#FFA0FF,#FFBC51,#FED698,#1D1908,#CAC296,#CAC296,cf7907d8a3409514e6e34d9ce43c4d2615062a8d1ffce3fa2c4a391e718ab691
Minimalist Dark,Gabriel Soares (https://github.com/Gabrielsoac),dark,#F5F5F5,#B81414,#1B9F6B,#D28F79,#AA5A24,#9E40A3,#FE8330,#A5A2A2,#5C5855,#E8BBD0,#006400,#4A4543,#A16A94,#A020F0,#FF69B4,#CACAD0,#13141f,#F5F5F5,#F5F5F5,2f71775f3ae83563657ebf1f67d56f1d88939d35ea790c815333313552615c93
Miramare,,,#242021,#e68183,#a7c080,#d9bb80,#89beba,#d3a0bc,#87c095,#d8caac,#444444,#e39b7b,#a7c080,#d9bb80,#89beba,#d3a0bc,#87c095,#e6d6ac,#2a2426,#e6d6ac,#e6d6ac,d16846937e101153b67fa89ef204cc25e39f632407ab8aa54b3cb56906ec629d
Misterioso,,,#000000,#FF4242,#74AF68,#FFAD29,#338F86,#9414E6,#23D7D7,#E1E1E0,#555555,#FF3242,#74CD68,#FFB929,#23D7D7,#FF37FF,#00EDE1,#FFFFFF,#2D3743,#E1E1E0,#E1E1E0,fbdececd7eee7b1ff32af7ac2ee11bab90d29db036d16dc51c605f02b752645f
Modus Operandi,,,#ffffff,#a60000,#006800,#6f5500,#0031a9,#721045,#005e8b,#000000,#f2f2f2,#d00000,#008900,#808000,#0000ff,#dd22dd,#008899,#595959,#ffffff,#000000,#000000,eaaf666fad08b126c51535016bed934eca10f7629b08cdf9fd23cf7511e1fe16
Modus Operandi Tinted,,,#fbf7f0,#a60000,#006800,#6f5500,#0031a9,#721045,#005e8b,#000000,#efe9dd,#d00000,#008900,#808000,#0000ff,#dd22dd,#008899,#595959,#fbf7f0,#000000,#000000,1186a190a31da9155dd9e0b25a3c746caea456eadd4e5c1699d3df5c175ecf83
Modus Vivendi,,,#000000,#ff5f59,#44bc44,#d0bc00,#2fafff,#feacd0,#00d3d0,#ffffff,#1e1e1e,#ff5f5f,#44df44,#efef00,#338fff,#ff66ff,#00eff0,#989898,#000000,#ffffff,#ffffff,ffd873d0f0e598f415e97d66f026bf6359c5483f6282ef2124952c4e8cb1f8ce
Modus Vivendi Tinted,,,#0d0e1c,#ff5f59,#44bc44,#d0bc00,#2fafff,#feacd0,#00d3d0,#ffffff,#1d2235,#ff5f5f,#44df44,#efef00,#338fff,#ff66ff,#00eff0,#989898,#0d0e1c,#ffffff,#ffffff,34dc90886509b8f80da36b708833ca966bcb4bcc04f38c18e04f05603c559c31
Molokai,,,#1B1D1E,#7325FA,#23E298,#60D4DF,#D08010,#FF0087,#D0A843,#BBBBBB,#555555,#9D66F6,#5FE0B1,#6DF2FF,#FFAF00,#FF87AF,#FFCE51,#FFFFFF,#1B1D1E,#BBBBBB,#BBBBBB,d16a097d7b3db24c930c35bb5bb356b8b9727609aded00daa56a31da089ce877
Mona Lisa,,,#351B0E,#9B291C,#636232,#C36E28,#515C5D,#9B1D29,#588056,#F7D75C,#874228,#FF4331,#B4B264,#FF9566,#9EB2B4,#FF5B6A,#8ACD8F,#FFE598,#120B0D,#F7D66A,#F7D66A,01ba3ab360622a3a633f484d5cf425e96ec22e1682ff0851ada99af5be43dad7
Mono Amber,,,#402500,#FF9400,#FF9400,#FF9400,#FF9400,#FF9400,#FF9400,#FF9400,#FF9400,#FF9400,#FF9400,#FF9400,#FF9400,#FF9400,#FF9400,#FF9400,#2B1900,#FF9400,#FF9400,c12a1398e7a691d682aad3b878df218294697f16c2b93be8fd23452caa0096f7
Mono Cyan,,,#003340,#00CCFF,#00CCFF,#00CCFF,#00CCFF,#00CCFF,#00CCFF,#00CCFF,#00CCFF,#00CCFF,#00CCFF,#00CCFF,#00CCFF,#00CCFF,#00CCFF,#00CCFF,#00222B,#00CCFF,#00CCFF,b138ee7a32a7832acb0771d8d4d8f2c5d4c16cb5fe9efdb64b32e1c80d01ffe2
Mono Green,,,#034000,#0BFF00,#0BFF00,#0BFF00,#0BFF00,#0BFF00,#0BFF00,#0BFF00,#0BFF00,#0BFF00,#0BFF00,#0BFF00,#0BFF00,#0BFF00,#0BFF00,#0BFF00,#022B00,#0BFF00,#0BFF00,91629ab9fbe114f1c2fe7a7e140e91af7b82275186b7cdc9c0ad53c5fd96a8f1
Mono Red,,,#401200,#FF3600,#FF3600,#FF3600,#FF3600,#FF3600,#FF3600,#FF3600,#FF3600,#FF3600,#FF3600,#FF3600,#FF3600,#FF3600,#FF3600,#FF3600,#2B0C00,#FF3600,#FF3600,9570c5bb32ed8332e240a71f8b25a13e9fb32f88bb44e0d065e963699ea59ab4
Mono White,,,#3B3B3B,#FAFAFA,#FAFAFA,#FAFAFA,#FAFAFA,#FAFAFA,#FAFAFA,#FAFAFA,#FAFAFA,#FAFAFA,#FAFAFA,#FAFAFA,#FAFAFA,#FAFAFA,#FAFAFA,#FAFAFA,#262626,#FAFAFA,#FAFAFA,eae465fa827e4e5c8109caa09c6c8002a3c1dc8fc85e648bc0a6a442fa5aac8b
Mono Yellow,,,#403500,#FFD300,#FFD300,#FFD300,#FFD300,#FFD300,#FFD300,#FFD300,#FFD300,#FFD300,#FFD300,#FFD300,#FFD300,#FFD300,#FFD300,#FFD300,#2B2400,#FFD300,#FFD300,ebe63ffa9f99dfed3c3010575eeb8f30e90c0dbec45ffe4a159b3711230cda2c
Monokai Dark,,,#75715E,#F92672,#A6E22E,#F4BF75,#66D9EF,#AE81FF,#2AA198,#F9F8F5,#272822,#F92672,#A6E22E,#F4BF75,#66D9EF,#AE81FF,#2AA198,#F8F8F2,#272822,#F8F8F2,#F8F8F2,ecf4c697c41e26d0a56b18733b9fe6cf0356d9ef7f1303ecb4702883710320f5
Monokai Pro,,,#2D2A2E,#FF6188,#A9DC76,#FFD866,#FC9867,#AB9DF2,#78DCE8,#FCFCFA,#908E8F,#FF6188,#A9DC76,#FFD866,#FC9867,#AB9DF2,#78DCE8,#FCFCFA,#2D2A2E,#FCFCFA,#FCFCFA,8652ec5eb0a0e0ed59964b9aa2949354ab3f8a0f417ed21872d3c52a754e2792
Monokai Pro Light,,light,#FEFAF9,#E14775,#269D69,#CC7A0A,#E16032,#7058BE,#1C8CA8,#29242A,#6E6B6A,#E14775,#269D69,#CC7A0A,#E16032,#7058BE,#1C8CA8,#29242A,#FEFAF9,#29242A,#29242A,7fb672f29df9b55cbef3ca5b68af2e3f183eacf693d1afead3b0e8e271a9fbe2
Monokai Pro Light Sun,,light,#FDF7F3,#CE4770,#218871,#B16803,#D4572B,#6851A2,#2473B6,#2C232E,#595451,#CE4770,#218871,#B16803,#D4572B,#6851A2,#2473B6,#2C232E,#FDF7F3,#2C232E,#2C232E,449778601dc1c7d38438facda298a306e2ea33388e132318c79a806b849ff04e
Monokai Pro Machine,,dark,#273136,#FF6D7E,#A2E57B,#FFED72,#FFB270,#BAA0F8,#7CD5F1,#F2FFFC,#ADB1B4,#FF6D7E,#A2E57B,#FFED72,#FFB270,#BAA0F8,#7CD5F1,#F2FFFC,#273136,#F2FFFC,#F2FFFC,a2f3640be2c1622114127eee87a53e06174c7c1141733e60eedb8acda6833e09
Monokai Pro Ocatagon,,dark,#3A3D4B,#FF657A,#BAD761,#FFD76D,#FF9B5E,#C39AC9,#9CD1BB,#EAF2F1,#ADAEB4,#FF657A,#BAD761,#FFD76D,#FF9B5E,#C39AC9,#9CD1BB,#EAF2F1,#3A3D4B,#EAF2F1,#EAF2F1,553ff66babdf258979b650d787c4dfc61ad0c83f7fbd0a7d9dabf6d207e6b9fa
Monokai Pro Ristretto,,dark,#3E3838,#DF7484,#BBD87E,#EDCE73,#DC9373,#A9AAE9,#A4D7CC,#FBF2F3,#70696A,#DF7484,#BBD87E,#EDCE73,#DC9373,#A9AAE9,#A4D7CC,#FBF2F3,#3E3838,#FBF2F3,#FBF2F3,2338f1240e52024a6592f15415cc5a4d6d679a0401793a4d97c079986aebb5a5
Monokai Pro Spectrum,,dark,#363537,#FC618D,#7BD88F,#FCE566,#FD9353,#948AE3,#5AD4E6,#F7F1FF,#A1A1A1,#FC618D,#7BD88F,#FCE566,#FD9353,#948AE3,#5AD4E6,#F7F1FF,#363537,#F7F1FF,#F7F1FF,1624de65124d95f0ffb64c4be3782568d5037e7dc5f006fb413b9cdb566a9480
Monokai Soda,,,#1A1A1A,#F4005F,#98E024,#FA8419,#9D65FF,#F4005F,#58D1EB,#C4C5B5,#625E4C,#F4005F,#98E024,#E0D561,#9D65FF,#F4005F,#58D1EB,#F6F6EF,#1A1A1A,#C4C5B5,#C4C5B5,15a0db285314638fec6d0226b5d1f51ea284570c90abfbc3c8664a46a0100b0b
Moonfly,,,#323437,#FF5454,#8CC85F,#E3C78A,#80A0FF,#CF87E8,#79DAC8,#C6C6C6,#949494,#FF5189,#36C692,#C2C292,#74B2FF,#AE81FF,#85DC85,#E4E4E4,#080808,#BDBDBD,#9E9E9E,5f68722862f754b2846702789093fab1aec7975cad343f04b5a38c17df4c3b55
Morada,,,#040404,#0F49C4,#48B117,#E87324,#BC0116,#665B93,#70A699,#F5DCBE,#4F7CBF,#1C96C7,#3BFF6F,#EFC31C,#FB605B,#975B5A,#1EFF8E,#F6F5FB,#211F46,#FFFFFF,#FFFFFF,df88d180aa3ae87f0945cf5332e7bdbbd5a17e37e75f7ac045d99e956c8ebf85
N0Tch2K,,,#383838,#A95551,#666666,#A98051,#657D3E,#767676,#C9C9C9,#D0B8A3,#474747,#A97775,#8C8C8C,#A99175,#98BD5E,#A3A3A3,#DCDCDC,#D8C8BB,#222222,#A0A0A0,#A0A0A0,425806f9784d57647a1ccce3ce2fa16e824b6ab2b1511cdc5f57ec66f6058e9a
Nanosecond,,,#000000,#FF0000,#00AA00,#FFAA00,#00AAFF,#FF00FF,#00AAAA,#AAAAAA,#555555,#FF5555,#80FF80,#FFFF80,#AACCFF,#FFAAFF,#80FFFF,#FFFFFF,#112233,#FAFAFA,#FAFAFA,0ca6d159dece4855255e749bcdd3412310263447fdd3c4c770df5b87b5ef362e
Neon Night,,,#20242D,#FF8E8E,#7EFDD0,#FCAD3F,#69B4F9,#DD92F6,#8CE8FF,#C9CCCD,#20242D,#FF8E8E,#7EFDD0,#FCAD3F,#69B4F9,#DD92F6,#8CE8FF,#C9CCCD,#20242D,#C7C8FF,#C7C8FF,351d9c071e037fc3d28e632d58ed4b89f9fe45ec6ad00e571b99e5a503659673
Neopolitan,,,#000000,#800000,#61CE3C,#FBDE2D,#253B76,#FF0080,#8DA6CE,#F8F8F8,#000000,#800000,#61CE3C,#FBDE2D,#253B76,#FF0080,#8DA6CE,#F8F8F8,#271F19,#FFFFFF,#FFFFFF,c4ee42d678437d761000dc457927541f5c191e3d2d55fc3a5f18a1e26936a026
Nep,,,#000000,#DD6F00,#00DD6F,#6FDD00,#6F00DD,#DD006F,#006FDD,#F2F2F2,#7D7D7D,#FFB974,#74FFB9,#B9FF74,#B974FF,#FF74B9,#74B9FF,#FFFFFF,#758480,#23476A,#23476A,ca13ad44f5549cc212ea2ef72b6037026d93182c4dec15a566028b64268a2993
Neutron,,,#23252B,#B54036,#5AB977,#DEB566,#6A7C93,#A4799D,#3F94A8,#E6E8EF,#23252B,#B54036,#5AB977,#DEB566,#6A7C93,#A4799D,#3F94A8,#EBEDF2,#1C1E22,#E6E8EF,#E6E8EF,be868c6f533404e860d5101e7d2d09c6f208267ea37630f8472321c7a49138a9
Night Owl,,,#011627,#EF5350,#22DA6E,#ADDB67,#82AAFF,#C792EA,#21C7A8,#FFFFFF,#575656,#EF5350,#22DA6E,#FFEB95,#82AAFF,#C792EA,#7FDBCA,#FFFFFF,#011627,#D6DEEB,#D6DEEB,b78ff1ecf6f210469de9bccbc5b0a48ad2590742600994b1e3ed560a64e16422
Nightfly,,,#1D3B53,#FC514E,#A1CD5E,#E3D18A,#82AAFF,#C792EA,#7FDBCA,#A1AAB8,#7C8F8F,#FF5874,#21C7A8,#ECC48D,#82AAFF,#AE81FF,#7FDBCA,#D6DEEB,#011627,#BDC1C6,#9CA1AA,f5a7fb7b45af2b602c38fc76247e62111efe85f297f713f3a147059a5a0e8c08
Nightlion V1,,,#4C4C4C,#BB0000,#5FDE8F,#F3F167,#276BD8,#BB00BB,#00DADF,#BBBBBB,#555555,#FF5555,#55FF55,#FFFF55,#5555FF,#FF55FF,#55FFFF,#FFFFFF,#000000,#BBBBBB,#BBBBBB,61a09385f0f6761382f00bc8266e831fe07cb90943f043c451ec1b43987cb1b2
Nightlion V2,,,#4C4C4C,#BB0000,#04F623,#F3F167,#64D0F0,#CE6FDB,#00DADF,#BBBBBB,#555555,#FF5555,#7DF71D,#FFFF55,#62CBE8,#FF9BF5,#00CCD8,#FFFFFF,#171717,#BBBBBB,#BBBBBB,688d229cdd821483f89bd755979e69eaacde1cca5300ac917edcf4bcf89be02d
Nighty,,,#373D48,#9B3E46,#095B32,#808020,#1D3E6F,#823065,#3A7458,#828282,#5C6370,#D0555F,#119955,#DFE048,#4674B8,#ED86C9,#70D2A4,#DFDFDF,#2F2F2F,#DFDFDF,#DFDFDF,f4764682649e959ef5a56be01b52d04b13af4ee1776642e60a575bc2ba110941
Nord,,,#3B4252,#BF616A,#A3BE8C,#EBCB8B,#81A1C1,#B48EAD,#88C0D0,#E5E9F0,#4C566A,#BF616A,#A3BE8C,#EBCB8B,#81A1C1,#B48EAD,#8FBCBB,#ECEFF4,#2E3440,#D8DEE9,#D8DEE9,27d82a02ce5231e377b6df9d459bcd09cd88af086907b2f24129a47638157cc7
Nord Light,,,#003B4E,#E64569,#069F5F,#DAB752,#439ECF,#D961DC,#00B1BE,#B3B3B3,#3E89A1,#E4859A,#A2CCA1,#E1E387,#6FBBE2,#E586E7,#96DCDA,#DEDEDE,#EBEAF2,#004F7C,#439ECF,fa6c25774a861de854034777e4cee03c9123cb068f876bddc46bb37abb2592ae
Novel,,,#000000,#CC0000,#009600,#D06B00,#0000CC,#CC00CC,#0087CC,#CCCCCC,#808080,#CC0000,#009600,#D06B00,#0000CC,#CC00CC,#0087CC,#FFFFFF,#DFDBC3,#3B2322,#3B2322,b560cb9104f9e7875de3025f1ec600cc2499bf735fd5b7eeeb0750911715bc26
Obsidian,,,#000000,#A60001,#00BB00,#FECD22,#3A9BDB,#BB00BB,#00BBBB,#BBBBBB,#555555,#FF0003,#93C863,#FEF874,#A1D7FF,#FF55FF,#55FFFF,#FFFFFF,#283033,#CDCDCD,#CDCDCD,dcb64876feb2c68c8eeb734b6245698e9ffed533b806c84fb6eadd7ae44c5494
Ocean Dark,,,#4F4F4F,#AF4B57,#AFD383,#E5C079,#7D90A4,#A4799D,#85A6A5,#EEEDEE,#7B7B7B,#AF4B57,#CEFFAB,#FFFECC,#B5DCFE,#FB9BFE,#DFDFFD,#FEFFFE,#1C1F27,#979CAC,#979CAC,f1d5bdaed7f8bac55296bf32e3fd2898790bf1c0a18b29917e3d7c46f4f08f71
Oceanic Next,,,#121C21,#E44754,#89BD82,#F7BD51,#5486C0,#B77EB8,#50A5A4,#FFFFFF,#52606B,#E44754,#89BD82,#F7BD51,#5486C0,#B77EB8,#50A5A4,#FFFFFF,#121B21,#B3B8C3,#B3B8C3,5f6ccf51cb16876210d2d42258ae16b12267929455899d74f1384d2c8233cf15
Ollie,,,#000000,#AC2E31,#31AC61,#AC4300,#2D57AC,#B08528,#1FA6AC,#8A8EAC,#5B3725,#FF3D48,#3BFF99,#FF5E1E,#4488FF,#FFC21D,#1FFAFF,#5B6EA7,#222125,#8A8DAE,#8A8DAE,aee0ff0f8c6bdb02ae0f235ff0aaa41d058ff67164b1659478e0871d3337b530
Omni,,,#191622,#E96379,#67E480,#E89E64,#78D1E1,#988BC7,#FF79C6,#ABB2BF,#000000,#E96379,#67E480,#E89E64,#78D1E1,#988BC7,#FF79C6,#FFFFFF,#191622,#ABB2BF,#ABB2BF,d6de6f2f737362e625be968919e42451b09cc9cea5638f492bacfb7415334cef
One Dark,,,#000000,#E06C75,#98C379,#D19A66,#61AFEF,#C678DD,#56B6C2,#ABB2BF,#5C6370,#E06C75,#98C379,#D19A66,#61AFEF,#C678DD,#56B6C2,#FFFEFE,#1E2127,#5C6370,#5C6370,f289744cb4e19c902480ec1efca7dc65feb098c8d3a2d3368063027162c028ca
One Half Black,,,#282C34,#E06C75,#98C379,#E5C07B,#61AFEF,#C678DD,#56B6C2,#DCDFE4,#282C34,#E06C75,#98C379,#E5C07B,#61AFEF,#C678DD,#56B6C2,#DCDFE4,#000000,#DCDFE4,#DCDFE4,203d9d1944fa97e75cb33aff340c8268d5de542da2e67035755148f18c237d10
One Light,,,#000000,#DA3E39,#41933E,#855504,#315EEE,#930092,#0E6FAD,#8E8F96,#2A2B32,#DA3E39,#41933E,#855504,#315EEE,#930092,#0E6FAD,#FFFEFE,#F8F8F8,#2A2B32,#2A2B32,df33484684487a569d46b337d3afa892fe1e239bf2e4e7ada6b28b364a5b9fa7
Oxocarbon Dark,,,#262626,#EE5396,#42BE65,#FFE97B,#33B1FF,#FF7EB6,#3DDBD9,#DDE1E6,#393939,#EE5396,#42BE65,#FFE97B,#33B1FF,#FF7EB6,#3DDBD9,#FFFFFF,#161616,#FFFFFF,#6F6F6F,f6ad57d5c6d4de5a3f4b8ccf890a97a893ea4713ecf1a71460a76da66f140bb2
Palenight,,,#292D3E,#F07178,#C3E88D,#FFCB6B,#82AAFF,#C792EA,#60ADEC,#ABB2BF,#959DCB,#F07178,#C3E88D,#FF5572,#82AAFF,#FFCB6B,#676E95,#FFFEFE,#292D3E,#BFC7D5,#BFC7D5,6718375268d7b2d43a039d6219dc2875e273f53a9d1353738109520ef4923b4d
Pali,,,#0A0A0A,#AB8F74,#74AB8F,#8FAB74,#8F74AB,#AB748F,#748FAB,#F2F2F2,#5D5D5D,#FF1D62,#9CC3AF,#FFD00A,#AF9CC3,#FF1D62,#4BB8FD,#A020F0,#232E37,#D9E6F2,#D9E6F2,4f36edf9b31182acdd215eadf6387e8678612332abe2ebecfdda5cf86bdcf82b
Panda,,,#1F1F20,#FB055A,#26FFD4,#FDAA5A,#5C9FFF,#FC59A6,#26FFD4,#F0F0F0,#5C6370,#FB055A,#26FFD4,#FEBE7E,#55ADFF,#FD95D0,#26FFD4,#F0F0F0,#1D1E20,#F0F0F0,#F0F0F0,a3bae412e295192414a70f715151dcf4bc429cfbd8df453b9eae1b1347225fd5
Paper,,,#000000,#cc3e28,#216609,#b58900,#1e6fcc,#5c21a5,#158c86,#aaaaaa,#555555,#cc3e28,#216609,#b58900,#1e6fcc,#5c21a5,#158c86,#aaaaaa,#f2eede,#000000,#000000,92e76c838d543d70dfe305df0ea0833909561a01ebeda4b0da7ff60c80ba3cf4
Papercolor Dark,,,#1C1C1C,#AF005F,#5FAF00,#D7AF5F,#5FAFD7,#808080,#D7875F,#D0D0D0,#585858,#5FAF5F,#AFD700,#AF87D7,#FFAF00,#FF5FAF,#00AFAF,#5F8787,#1C1C1C,#D0D0D0,#D0D0D0,82827ee4b079de4edac3155aba0730cdd986e35ba56caf11ea3b68eae84f4232
Papercolor Light,,,#EEEEEE,#AF0000,#008700,#5F8700,#0087AF,#878787,#005F87,#444444,#BCBCBC,#D70000,#D70087,#8700AF,#D75F00,#D75F00,#005FAF,#005F87,#EEEEEE,#444444,#444444,376789faa0f4f12ba6ac5ea1eef717d28dbadfb7fcf7079f257b241a754c07ad
Paraiso Dark,,,#2F1E2E,#EF6155,#48B685,#FEC418,#06B6EF,#815BA4,#5BC4BF,#A39E9B,#776E71,#EF6155,#48B685,#FEC418,#06B6EF,#815BA4,#5BC4BF,#E7E9DB,#2F1E2E,#A39E9B,#A39E9B,e4f14cc2139f65400924ea792843eebb84b9c108181b261ebca1c0e87da27940
Paul Millr,,,#2A2A2A,#FF0000,#79FF0F,#D3BF00,#396BD7,#B449BE,#66CCFF,#BBBBBB,#666666,#FF0080,#66FF66,#F3D64E,#709AED,#DB67E6,#7ADFF2,#FFFFFF,#000000,#F2F2F2,#F2F2F2,5da38bdd3fae6f15483065d1fbfcd16f0c493832cf2c833a7a5eeca025e5bd45
Pencil Dark,,,#212121,#C30771,#10A778,#A89C14,#008EC4,#523C79,#20A5BA,#D9D9D9,#424242,#FB007A,#5FD7AF,#F3E430,#20BBFC,#6855DE,#4FB8CC,#F1F1F1,#212121,#F1F1F1,#F1F1F1,81d8d9bae5ad7cec12fc998491380374981b6957215e4fe0c83b8d1996ed9bfb
Pencil Light,,,#212121,#C30771,#10A778,#A89C14,#008EC4,#523C79,#20A5BA,#D9D9D9,#424242,#FB007A,#5FD7AF,#F3E430,#20BBFC,#6855DE,#4FB8CC,#F1F1F1,#F1F1F1,#424242,#424242,988960486458a3d26648058a653511f6d58506294c87e7e3113802ca55a00a40
Peppermint,,,#353535,#E64569,#89D287,#DAB752,#439ECF,#D961DC,#64AAAF,#B3B3B3,#535353,#E4859A,#A2CCA1,#E1E387,#6FBBE2,#E586E7,#96DCDA,#DEDEDE,#000000,#C7C7C7,#BBBBBB,fa41b8e4eed184790e111e8e92c60cdd898a90cd2bc55d7c08f7d2ab0b39f8fe
Pixiefloss,,,#2F2942,#FF857F,#48B685,#E6C000,#AE81FF,#EF6155,#C2FFDF,#F8F8F2,#75507B,#F1568E,#5ADBA2,#D5A425,#C5A3FF,#EF6155,#C2FFFF,#F8F8F0,#241F33,#D1CAE8,#D1CAE8,daf91b1aeeb34dedf4012705dfcee87d3f7d269dc4be827bde214f91ae411910
Pnevma,,,#2F2E2D,#A36666,#90A57D,#D7AF87,#7FA5BD,#C79EC4,#8ADBB4,#D0D0D0,#4A4845,#D78787,#AFBEA2,#E4C9AF,#A1BDCE,#D7BEDA,#B1E7DD,#EFEFEF,#1C1C1C,#D0D0D0,#D0D0D0,77dba329f2c858bd84922599813d1960a532b44449f2e3616357b0710736c2f6
Powershell,,,#000000,#7E0008,#098003,#C4A000,#010083,#D33682,#0E807F,#7F7C7F,#808080,#EF2929,#1CFE3C,#FEFE45,#268AD2,#FE13FA,#29FFFE,#C2C1C3,#052454,#F6F6F7,#F6F6F7,54c418f1c1976e9014c5af11acc84fc1340058c688eccd8c287bc6676cd6b10a
Predawn,,,#F18260,#B51A20,#A6CC75,#FED33A,#81B2B1,#EB6C4E,#81B2B1,#EAEAEA,#666666,#FF000B,#C4EE94,#E8E06D,#A5EBEA,#EF8A50,#A5EBEA,#FFFFFF,#282828,#F1F1F1,#F1F1F1,c87c6f55923f70e751fb0f537eeaf7b2fcaf4e3b6d2eb2d9fa8bc459adeebedc
Pro,,,#000000,#990000,#00A600,#999900,#2009DB,#B200B2,#00A6B2,#BFBFBF,#666666,#E50000,#00D900,#E5E500,#0000FF,#E500E5,#00E5E5,#E5E5E5,#000000,#F2F2F2,#F2F2F2,01bc08e36947152241eab7d5fc28c1c5abb2c4d00c469c1cd802f8320eb296a7
Purple People Eater,,,#0D1117,#E34C26,#238636,#ED9A51,#A5D6FF,#6EB0E8,#C09AEB,#C9D1D9,#0D1117,#FF7B72,#3BAB4A,#FFA657,#A5D6FF,#79C0FF,#B694DF,#C9D1D9,#161B22,#C9D1D9,#C9D1D9,a7e993991894280d86e68a05b293e18e5bfd14f1ce104b2793602bf0df2e7295
Quiet,,,#141414,#C16262,#49B685,#C5B76D,#4992B6,#815BBE,#41A4A4,#C5C5C5,#505050,#ED5E7A,#7ECE7E,#DBDB70,#4DBFFF,#C067E4,#70DBD8,#F0F0F0,#141414,#B9B9B9,#A0A0A0,e375468b6df0913d3c603b0304eff781ad6712d235757786aa35beaf9a56416d
Red Alert,,,#000000,#D62E4E,#71BE6B,#BEB86B,#489BEE,#E979D7,#6BBEB8,#D6D6D6,#262626,#E02553,#AFF08C,#DFDDB7,#65AAF1,#DDB7DF,#B7DFDD,#FFFFFF,#762423,#FFFFFF,#FFFFFF,458b34b64623d76aa96e123e8bb672796250aea87905973439fffbff09537168
Red Sands,,,#000000,#FF3F00,#00BB00,#E7B000,#0072FF,#BB00BB,#00BBBB,#BBBBBB,#555555,#BB0000,#00BB00,#E7B000,#0072AE,#FF55FF,#55FFFF,#FFFFFF,#7A251E,#D7C9A7,#D7C9A7,5d0861d34d80fb65b6a5d2770ee873d34ca13e77b9b8b5ed6378c959f6edd404
Relaxed,,,#151515,#BC5653,#909D63,#EBC17A,#6A8799,#B06698,#C9DFFF,#D9D9D9,#636363,#BC5653,#A0AC77,#EBC17A,#7EAAC7,#B06698,#ACBBD0,#F7F7F7,#353A44,#D9D9D9,#D9D9D9,b76d118c545c340e54573a78ce228c599a7de104b47f19b34e5bd0d7f54a9508
Rippedcasts,,,#000000,#CDAF95,#A8FF60,#BFBB1F,#75A5B0,#FF73FD,#5A647E,#BFBFBF,#666666,#EECBAD,#BCEE68,#E5E500,#86BDC9,#E500E5,#8C9BC4,#E5E5E5,#2B2B2B,#FFFFFF,#FFFFFF,1c9e0117165057becd0368e04f7cc2ed2a68bd8a065cd46806910770c5724f80
Ros√© Pine,,,#26233A,#EB6F92,#9CCFD8,#F6C177,#31748F,#C4A7E7,#EBBCBA,#E0DEF4,#6E6A86,#EB6F92,#9CCFD8,#F6C177,#31748F,#C4A7E7,#EBBCBA,#E0DEF4,#191724,#E0DEF4,#E0DEF4,8a0f3de725382058b6e8128652494368cab976f79b5f9ff1936436224829985c
Ros√© Pine Dawn,,,#F2E9E1,#B4637A,#56949F,#EA9D34,#286983,#907AA9,#D7827E,#575279,#9893A5,#B4637A,#56949F,#EA9D34,#286983,#907AA9,#D7827E,#575279,#FAF4ED,#575279,#575279,06825053371637353eded18195e954ff9cbe259a32c425e4d8da0fb429a05b25
Ros√© Pine Moon,,,#393552,#EB6F92,#9CCFD8,#F6C177,#3E8FB0,#C4A7E7,#EA9A97,#E0DEF4,#6E6A86,#EB6F92,#9CCFD8,#F6C177,#3E8FB0,#C4A7E7,#EA9A97,#E0DEF4,#232136,#E0DEF4,#E0DEF4,afdc51d26b9c8f10124377031718371945ba0c61bcba45e4bb9fc8bd6e6816ab
Royal,,,#241F2B,#91284C,#23801C,#B49D27,#6580B0,#674D96,#8AAABE,#524966,#312D3D,#D5356C,#2CD946,#FDE83B,#90BAF9,#A479E3,#ACD4EB,#9E8CBD,#100815,#514968,#514968,ca407820234904aefff8d6f3ae1ed7eba540f19b3b61c4a50efd56c3c0f39e31
Sat,,,#000000,#DD0007,#07DD00,#DDD600,#0007DD,#D600DD,#00DDD6,#F2F2F2,#7D7D7D,#FF7478,#78FF74,#FFFA74,#7478FF,#FA74FF,#74FFFA,#FFFFFF,#758480,#23476A,#23476A,262e817fe66c8a144105222de2f07b37a140eeff8e902d8a3986812c2bf21cd0
Sea Shells,,,#17384C,#D15123,#027C9B,#FCA02F,#1E4950,#68D4F1,#50A3B5,#DEB88D,#434B53,#D48678,#628D98,#FDD39F,#1BBCDD,#BBE3EE,#87ACB4,#FEE4CE,#09141B,#DEB88D,#DEB88D,f51cd3cdb0c57c736d6f1ecfb476f97f809152cfd59e8017cb451e1708eb2a19
Seafoam Pastel,,,#757575,#825D4D,#728C62,#ADA16D,#4D7B82,#8A7267,#729494,#E0E0E0,#8A8A8A,#CF937A,#98D9AA,#FAE79D,#7AC3CF,#D6B2A1,#ADE0E0,#E0E0E0,#243435,#D4E7D4,#D4E7D4,e8ce738b83d2a8d8c5e316e81afd017c159ae8d393bb91e180041c1306cfd6e5
Selenized Black,,,#252525,#ed4a46,#70b433,#dbb32d,#368aeb,#eb6eb7,#3fc5b7,#777777,#3b3b3b,#ff5e56,#83c746,#efc541,#4f9cfe,#ff81ca,#56d8c9,#dedede,#181818,#b9b9b9,#dedede,31801850451a476c744eb91abffb619bf9b2d5939ee88559f7e1912a02dbe573
Selenized Dark,,,#184956,#fa5750,#75b938,#dbb32d,#4695f7,#f275be,#41c7b9,#72898f,#2d5b69,#ff665c,#84c747,#ebc13d,#58a3ff,#ff84cd,#53d6c7,#cad8d9,#103c48,#adbcbc,#cad8d9,66944c11a83d37f07bf42177936a33756a0cf528477744d9215be584dd6d7765
Selenized Light,,,#ece3cc,#d2212d,#489100,#ad8900,#0072d4,#ca4898,#009c8f,#909995,#d5cdb6,#cc1729,#428b00,#a78300,#006dce,#c44392,#00978a,#3a4d53,#fbf3db,#53676d,#3a4d53,fa8484cb85f80e5582e241b3e7326376af330af86fcb4784384dce74a34ca0ae
Selenized White,,,#ebebeb,#d6000c,#1d9700,#c49700,#0064e4,#dd0f9d,#00ad9c,#878787,#cdcdcd,#bf0000,#008400,#af8500,#0054cf,#c7008b,#009a8a,#282828,#ffffff,#474747,#282828,38182205a4fbdef232d8401c5dee0014bce90a9ddaf626d4282b63d0db3aff8d
Seoul256,,,#4e4e4e,#d68787,#5f865f,#d8af5f,#85add4,#d7afaf,#87afaf,#d0d0d0,#626262,#d75f87,#87af87,#ffd787,#add4fb,#ffafaf,#87d7d7,#e4e4e4,#3a3a3a,#d0d0d0,#d0d0d0,bd0590d1f2cfc93b977b9c460c445c21ef3f97e512d9ea05f3ae857d21449df8
Seoul256 Light,,,#4e4e4e,#af5f5f,#5f885f,#af8760,#5f87ae,#875f87,#5f8787,#e4e4e4,#3a3a3a,#870100,#005f00,#d8865f,#0087af,#87025f,#008787,#eeeeee,#dadada,#4e4e4e,#4e4e4e,1ce862d50a05f1323decdc11a6be0382a0c7ba60e4a9a785499615c1aa1cf00f
Seti,,,#323232,#C22832,#8EC43D,#E0C64F,#43A5D5,#8B57B5,#8EC43D,#EEEEEE,#323232,#C22832,#8EC43D,#E0C64F,#43A5D5,#8B57B5,#8EC43D,#FFFFFF,#111213,#CACECD,#CACECD,86158ac5dce66e173c56b750d57d3e7c8002bfd232e49cd3a76f5fc67956eb6a
Shaman,,,#012026,#B2302D,#00A941,#5E8BAA,#449A86,#00599D,#5D7E19,#405555,#384451,#FF4242,#2AEA5E,#8ED4FD,#61D5BA,#1298FF,#98D028,#58FBD6,#001015,#405555,#405555,8cb7edcea0b678dbdd7b3dbe3573181479fd87cec36d65c4840c4ae39d3d31e3
Shel,,,#2C2423,#AB2463,#6CA323,#AB6423,#2C64A2,#6C24A2,#2CA363,#918988,#918988,#F588B9,#C2EE86,#F5BA86,#8FBAEC,#C288EC,#8FEEB9,#F5EEEC,#2A201F,#4882CD,#4882CD,6df318bb39761cf5e44d459aeb89335e3b4b48349681ad54deab3078760f0876
Slate,,,#222222,#E2A8BF,#81D778,#C4C9C0,#264B49,#A481D3,#15AB9C,#02C5E0,#FFFFFF,#FFCDD9,#BEFFA8,#D0CCCA,#7AB0D2,#C5A7D9,#8CDFE0,#E0E0E0,#222222,#35B1D2,#35B1D2,477bcbaae9846d5314beb2e3d2520cef09b493bbc7e29f9d8a8d3bed40758ac3
Smyck,,,#000000,#C75646,#8EB33B,#D0B03C,#72B3CC,#C8A0D1,#218693,#B0B0B0,#5D5D5D,#E09690,#CDEE69,#FFE377,#9CD9F0,#FBB1F9,#77DFD8,#F7F7F7,#242424,#F7F7F7,#F7F7F7,aac036cd7015b0bfa7a4b6da30525994e47c074dad50733d8066d004e76d40d0
Snazzy,,,#282A36,#FF5C57,#5AF78E,#F3F99D,#57C7FF,#FF6AC1,#9AEDFE,#F1F1F0,#686868,#FF5C57,#5AF78E,#F3F99D,#57C7FF,#FF6AC1,#9AEDFE,#EFF0EB,#282A36,#EFF0EB,#97979B,7b4f96abb73154422a747f917b04f9ca0fd95c963473d147d6594ee97ab34639
Soft Server,,,#000000,#A2686A,#9AA56A,#A3906A,#6B8FA3,#6A71A3,#6BA58F,#99A3A2,#666C6C,#DD5C60,#BFDF55,#DEB360,#62B1DF,#606EDF,#64E39C,#D2E0DE,#242626,#99A3A2,#99A3A2,8f5d62ced634adb8b5f3e1b9e337cec6c8da909c4fb955f7a88b7a5dce1f693a
Solarized Darcula,,,#25292A,#F24840,#629655,#B68800,#2075C7,#797FD4,#15968D,#D2D8D9,#25292A,#F24840,#629655,#B68800,#2075C7,#797FD4,#15968D,#D2D8D9,#3D3F41,#D2D8D9,#D2D8D9,08b316c469d3c0036fffc5af4d11b89d7f884c5744654ae9a2635b29fbd39c91
Solarized Dark,,,#073642,#DC322F,#859900,#CF9A6B,#268BD2,#D33682,#2AA198,#EEE8D5,#657B83,#CB4B16,#859900,#CF9A6B,#6c71c4,#D33682,#2AA198,#FDF6E3,#002B36,#839496,#839496,f76f6aab437396f3ee629faa9781d1a63cf4b8041e18a19321179e2d8009fa0d
Solarized Dark Higher Contrast,,,#002831,#D11C24,#6CBE6C,#A57706,#2176C7,#C61C6F,#259286,#EAE3CB,#006488,#F5163B,#51EF84,#B27E28,#178EC8,#E24D8E,#00B39E,#FCF4DC,#001E27,#9CC2C3,#9CC2C3,555ec1c51af728e7d651d9944bc342c59af77bce986dbf16ba8877abb23b2fda
Solarized Light,,,#EEE8D5,#DC322F,#859900,#B58900,#268BD2,#D33682,#2AA198,#002B36,#657b83,#CB4B16,#859900,#B58900,#6C71C4,#D33682,#2AA198,#073642,#FDF6E3,#657B83,#657B83,d7a591927afd84f6aa07f97ea2509c56b9724ff684ce98b0baed88230990ed88
Sonokai,,,#2C2E34,#FC5D7C,#9ED072,#E7C664,#F39660,#B39DF3,#76CCE0,#E2E2E3,#7F8490,#FC5D7C,#9ED072,#E7C664,#F39660,#B39DF3,#76CCE0,#E2E2E3,#2C2E34,#E2E2E3,#E2E2E3,8db900d970937b93280fb4f9fe62c34fda2b3bcad216406a00ef50f86cb14eb3
Spacedust,,,#6E5346,#E35B00,#5CAB96,#E3CD7B,#0F548B,#E35B00,#06AFC7,#F0F1CE,#684C31,#FF8A3A,#AECAB8,#FFC878,#67A0CE,#FF8A3A,#83A7B4,#FEFFF1,#0A1E24,#ECF0C1,#ECF0C1,c74950ebe7d205f08c473270f5eff053af003fd1c433155931e9ada55c5711cc
Spacegray,,,#000000,#B04B57,#87B379,#E5C179,#7D8FA4,#A47996,#85A7A5,#B3B8C3,#000000,#B04B57,#87B379,#E5C179,#7D8FA4,#A47996,#85A7A5,#FFFFFF,#20242D,#B3B8C3,#B3B8C3,3eb315ba1c5fbd0fac3bb939705375b9d7bf404f6d56173ee896ddde6dd5f355
Spacegray Eighties,,,#15171C,#EC5F67,#81A764,#FEC254,#5486C0,#BF83C1,#57C2C1,#EFECE7,#555555,#FF6973,#93D493,#FFD256,#4D84D1,#FF55FF,#83E9E4,#FFFFFF,#222222,#BDBAAE,#BDBAAE,51fdf41bcc1f48944f56a8812c931532c85869c1b6c6a86fc1cfdb56670a6e08
Spacegray Eighties Dull,,,#15171C,#B24A56,#92B477,#C6735A,#7C8FA5,#A5789E,#80CDCB,#B3B8C3,#555555,#EC5F67,#89E986,#FEC254,#5486C0,#BF83C1,#58C2C1,#FFFFFF,#222222,#C9C6BC,#C9C6BC,4aa318f7ab17f5defd1bef7ab73fc0aff030d32a83413825f2b3ee8dfa5f9d0f
Sparky,,,#212322,#FF585D,#78D64B,#FBDD40,#4698CB,#D59ED7,#2DCCD3,#DEE6DE,#4B4F54,#FF7276,#8EDD65,#F6EB61,#69B3E7,#F99FC9,#00C1D5,#D9E1E2,#072B31,#F4F5F0,#F4F5F0,8ed90156751b16b44c4eaecd5f6ac1cab200beab7156d4ba4153bedcec0804d2
Spring,,,#000000,#FF4D83,#1F8C3B,#1FC95B,#1DD3EE,#8959A8,#3E999F,#FFFFFF,#000000,#FF0021,#1FC231,#D5B807,#15A9FD,#8959A8,#3E999F,#FFFFFF,#0A1E24,#ECF0C1,#ECF0C1,9d712f41dbba9a27528075941a3758cbb002acaeed889b71bf258ed8e0a41d4f
Square,,,#050505,#E9897C,#B6377D,#ECEBBE,#A9CDEB,#75507B,#C9CAEC,#F2F2F2,#141414,#F99286,#C3F786,#FCFBCC,#B6DEFB,#AD7FA8,#D7D9FC,#E2E2E2,#0A1E24,#A1A1A1,#A1A1A1,e048f2ef1c3b41f3c8b4f7cdfad379643d92ed604a6ae6bc27dec3e2f2243961
Srcery,,,#1C1B19,#EF2F27,#519F50,#FBB829,#2C78BF,#E02C6D,#0AAEB3,#BAA67F,#918175,#F75341,#98BC37,#FED06E,#68A8E4,#FF5C8F,#2BE4D0,#FCE8C3,#1C1B19,#FCE8C3,#FBB829,5a3a84334e8b22f4f626826e6870b23cb56fcda03f6a72c1ade5f6e0ca599f05
Summer Pop,,,#666666,#FF1E8E,#8EFF1E,#FFFB00,#1E8EFF,#E500E5,#00E5E5,#E5E5E5,#666666,#FF1E8E,#8EFF1E,#FFFB00,#1E8EFF,#E500E5,#00E5E5,#E5E5E5,#272822,#FFFFFF,#FFFFFF,2f1b67f768170a7ef69d84a5082b3b41068dd72fce52be685e7e8ffc184d1dcc
Sundried,,,#302B2A,#A7463D,#587744,#9D602A,#485B98,#864651,#9C814F,#C9C9C9,#4D4E48,#AA000C,#128C21,#FC6A21,#7999F7,#FD8AA1,#FAD484,#FFFFFF,#1A1818,#C9C9C9,#C9C9C9,984aab20aeccf55fa217f3d584df69e10d6fb343573904be84dbf4aa77abb20b
Sweet Eliverlara,,,#282C34,#ED254E,#71F79F,#F9DC5C,#7CB7FF,#C74DED,#00C1E4,#DCDFE4,#282C34,#ED254E,#71F79F,#F9DC5C,#7CB7FF,#C74DED,#00C1E4,#DCDFE4,#282C34,#C3C7D1,#C3C7D1,1ac7343f605689e606de997926293b31bb20b3f4d3ccd53716d2f28ca2722bf1
Sweet Terminal,,,#3F3F54,#F60055,#06C993,#9700BE,#F69154,#EC89CB,#60ADEC,#ABB2BF,#959DCB,#F60055,#06C993,#9700BE,#F69154,#EC89CB,#00DDED,#FFFFFF,#222235,#FFFFFF,#FFFFFF,482bda6e8a235ec088d3c69b1617b0d5f9194c72d9262d90fcf85f921e125e66
Symphonic,,,#000000,#DC322F,#56DB3A,#FF8400,#0084D4,#B729D9,#CCCCFF,#FFFFFF,#1B1D21,#DC322F,#56DB3A,#FF8400,#0084D4,#B729D9,#CCCCFF,#FFFFFF,#000000,#FFFFFF,#FFFFFF,0c4606fc629ede7ff14512a2c14fe301956803088dc06858c70ef2c3ca9ea37b
Synthwave,,,#011627,#FE4450,#72F1B8,#FEDE5D,#03EDF9,#FF7EDB,#03EDF9,#FFFFFF,#575656,#FE4450,#72F1B8,#FEDE5D,#03EDF9,#FF7EDB,#03EDF9,#FFFFFF,#262335,#FFFFFF,#03EDF9,4f63611e46322781968a9991e0ed083eca8e7de2889c926268e8341dac5f846d
Synthwave Alpha,,,#241B30,#9A0048,#00986C,#ADAD3E,#6E29AD,#B300AD,#00B0B1,#B9B1BC,#7F7094,#E60A70,#0AE4A4,#F9F972,#AA54F9,#FF00F6,#00FBFD,#F2F2E3,#241B30,#F2F2E3,#F2F2E3,18923dea94f06e469476ee06c22d23fe7056faceb6b942d2d5bf4a780db4d23d
Teerb,,,#1C1C1C,#D68686,#AED686,#D7AF87,#86AED6,#D6AED6,#8ADBB4,#D0D0D0,#1C1C1C,#D68686,#AED686,#E4C9AF,#86AED6,#D6AED6,#B1E7DD,#EFEFEF,#262626,#D0D0D0,#D0D0D0,f4f0ed46e905f3bcd97f2e27b311575d683952814dbd3504cf5b14ba9673dc80
Tempus Autumn,Protesilaos Stavrou (https://protesilaos.com),dark,#302420,#f46f55,#85a400,#b09640,#799aca,#df798e,#52a885,#a8948a,#36302a,#e27e3d,#43aa7a,#ba9400,#958fdf,#ce7dc4,#2fa6b7,#a9a2a6,#302420,#a9a2a6,#a9a2a6,67b94dfc9b74a9d58f1fc613445c1ccb6910cfcac6bc463908bf26742bfe314b
Tempus Classic,Protesilaos Stavrou (https://protesilaos.com),dark,#232323,#d4823d,#8c9e3d,#b1942b,#6e9cb0,#b58d88,#6da280,#949d9f,#312e30,#d0913d,#96a42d,#a8a030,#8e9cc0,#d58888,#7aa880,#aeadaf,#232323,#aeadaf,#aeadaf,db9fc7fc7b12dd556429f022bd5173b58676e221eff1f4983953951464c28182
Tempus Dawn,Protesilaos Stavrou (https://protesilaos.com),light,#4a4b4e,#a32a3a,#206620,#745300,#4b529a,#8d377e,#086784,#dee2e0,#676364,#a64822,#187408,#8b590a,#5c59b2,#8e45a8,#3f649c,#eff0f2,#eff0f2,#4a4b4e,#4a4b4e,f1896bb7bbc6fdd4b847aeee37cf3ec967238c1dfa986da9029ba73789475bc4
Tempus Day,Protesilaos Stavrou (https://protesilaos.com),light,#464340,#c81000,#107410,#806000,#385dc4,#b63052,#007070,#e7e3d7,#68607d,#b24000,#427040,#6f6600,#0f64c4,#8050a7,#336c87,#f8f2e5,#f8f2e5,#464340,#464340,fef8ba55f349ed90c39e7de864b26f1bf50c67a6f58c5e71958303a4501fb727
Tempus Dusk,Protesilaos Stavrou (https://protesilaos.com),dark,#1f252d,#cb8d56,#8ba089,#a79c46,#8c9abe,#b190af,#8e9aba,#a29899,#2c3150,#d39d74,#80b48f,#bda75a,#9ca5de,#c69ac6,#8caeb6,#a2a8ba,#1f252d,#a2a8ba,#a2a8ba,4d3f4b42a97e73e769361c85350292f79e06c4e2d668b65708ba0805a425f089
Tempus Fugit,Protesilaos Stavrou (https://protesilaos.com),light,#4d595f,#c61a14,#357200,#825e00,#1666b0,#a83884,#007072,#efe6e4,#796271,#b93f1a,#437520,#985900,#485adf,#a234c0,#00756a,#fff5f3,#fff5f3,#4d595f,#4d595f,eb06475d0eef064bd16fc558236ef9d216851502b60e95959525b6bab412d7cc
Tempus Future,Protesilaos Stavrou (https://protesilaos.com),dark,#090a18,#ff7e8f,#6aba39,#bfa51a,#4ab2d7,#e58f84,#2ab7bb,#a7a2c4,#2b1329,#f78e2f,#60ba80,#de9b1d,#8ba7ea,#e08bd6,#2cbab6,#b4abac,#090a18,#b4abac,#b4abac,084660b62f95f1253c09aa171431ea52a4cc82a951b8015b6a54be0c6521832a
Tempus Night,Protesilaos Stavrou (https://protesilaos.com),dark,#1a1a1a,#ff929f,#5fc940,#c5b300,#5fb8ff,#ef91df,#1dc5c3,#c4bdaf,#242536,#f69d6a,#88c400,#d7ae00,#8cb4f0,#de99f0,#00ca9a,#e0e0e0,#1a1a1a,#e0e0e0,#e0e0e0,bcf60416b91c265260943f0f8e772f7a28335c57248b346f05af9dc168ae76a6
Tempus Past,Protesilaos Stavrou (https://protesilaos.com),light,#53545b,#c00c50,#0a7040,#a6403a,#1763aa,#b02874,#096a83,#eae2de,#80565d,#bd3133,#337243,#8d554a,#5559bb,#b022a7,#07707a,#f3f2f4,#f3f2f4,#53545b,#53545b,50806d53fd6102681105216757dc69db091a4cf45fc64f9d05728e6166836897
Tempus Rift,Protesilaos Stavrou (https://protesilaos.com),dark,#162c22,#c19904,#34b534,#7fad00,#30aeb0,#c8954c,#5fad8f,#ab9aa9,#283431,#d2a634,#6ac134,#82bd00,#56bdad,#cca0ba,#10c480,#bbbcbc,#162c22,#bbbcbc,#bbbcbc,3ab413427ad4047a71b252fa082823dc5c4011ce67bcbdd148f308002e6e40f3
Tempus Spring,Protesilaos Stavrou (https://protesilaos.com),dark,#283a37,#ff8b5f,#5ec04d,#b0b01a,#39bace,#e99399,#36c08e,#99afae,#2a453d,#e19e00,#73be0d,#c6a843,#70afef,#d095e2,#3cbfaf,#b5b8b7,#283a37,#b5b8b7,#b5b8b7,19aa3033d1dd4e410e7717df47fabc16bc1c434d11da2e4475ecc6877e0fe851
Tempus Summer,Protesilaos Stavrou (https://protesilaos.com),dark,#202c3d,#fe6f70,#4eb075,#ba9a0a,#60a1e6,#d285ad,#3dae9f,#949cbf,#39304f,#ec7f4f,#5baf4f,#be981f,#8599ef,#cc82d7,#2aacbf,#a0abae,#202c3d,#a0abae,#a0abae,aa6706ff2677ceeda568097b51bafcb621c0d9110e7f1403f3b21149183af47c
Tempus Tempest,Protesilaos Stavrou (https://protesilaos.com),dark,#282b2b,#cfc80a,#7ad97a,#bfcc4a,#60d7cd,#c5c4af,#8bd0bf,#b0c8ca,#323535,#d1d933,#99e299,#bbde4f,#74e4cd,#d2d4aa,#9bdfc4,#b6e0ca,#282b2b,#b6e0ca,#b6e0ca,d263151a6ca35ddf0131b51b9195b69411c0f069f84e18f1712758e64b9179f6
Tempus Totus,Protesilaos Stavrou (https://protesilaos.com),light,#4a484d,#a50000,#005d26,#714700,#1d3ccf,#88267a,#185570,#efefef,#5e4b4f,#992030,#4a5500,#8a3600,#2d45b0,#700dc9,#005289,#ffffff,#ffffff,#4a484d,#4a484d,528eb84e064185448c049b5eaa1fb8c29b9faae47c736479cd1dde9ae955003c
Tempus Warp,Protesilaos Stavrou (https://protesilaos.com),dark,#001514,#ff3737,#169c16,#9f8500,#5781ef,#da4ebf,#009880,#968282,#261c2c,#f0681a,#3aa73a,#ba8a00,#8887f0,#d85cf2,#1da1af,#a29fa0,#001514,#a29fa0,#a29fa0,a7bfc88ce33935f96001e00586997361c440a572d8c8d3ac8b9a1ec76d6c627a
Tempus Winter,Protesilaos Stavrou (https://protesilaos.com),dark,#202427,#ed6e5a,#4aa920,#9a9921,#7b91df,#d17e80,#4fa394,#91959b,#2a2e38,#de7b28,#00ab5f,#af9155,#329fcb,#ca77c5,#1ba6a4,#8da3b8,#202427,#8da3b8,#8da3b8,549c4fc72a17ec3418ed5b92720ec08ddbb7b06a92f912a23e38833a799c2d43
Tender,,,#1D1D1D,#C5152F,#C9D05C,#FFC24B,#B3DEEF,#D3B987,#73CEF4,#EEEEEE,#323232,#F43753,#D9E066,#FACC72,#C0EAFB,#EFD093,#A1D6EC,#FFFFFF,#282828,#EEEEEE,#EEEEEE,a251dbe8f3c560a60c45c0258fc4d2079fa6cf4f7acc661e6ee9d73aa4ea51b4
Terminal Basic,,,#000000,#990000,#00a600,#999900,#0000b2,#b200b2,#00a6b2,#bfbfbf,#666666,#e50000,#00d900,#e5e500,#0000ff,#e500e5,#00e5e5,#e5e5e5,#ffffff,#000000,#7f7f7f,c009f3dc5c69e04f3983b1c91d62d8a78957f34c7faa160cf9dba04dd5d9d464
Terminix Dark,,,#282A2E,#A54242,#A1B56C,#DE935F,#225555,#85678F,#5E8D87,#777777,#373B41,#C63535,#608360,#FA805A,#449DA1,#BA8BAF,#86C1B9,#C5C8C6,#091116,#868A8C,#868A8C,1b9da2122161d3979278d069a21c51dbd769d08149975cbfdcd65a239065e4ea
Thayer Bright,,,#1B1D1E,#F92672,#4DF840,#F4FD22,#2757D6,#8C54FE,#38C8B5,#CCCCC6,#505354,#FF5995,#B6E354,#FEED6C,#3F78FF,#9E6FFE,#23CFD5,#F8F8F2,#1B1D1E,#F8F8F8,#F8F8F8,303cc247bef4ee3134ecebf880f26dcfa40b67bbd210393afb276dd660e89cd6
Tin,,,#000000,#8D534E,#4E8D53,#888D4E,#534E8D,#8D4E88,#4E888D,#FFFFFF,#000000,#B57D78,#78B57D,#B0B578,#7D78B5,#B578B0,#78B0B5,#FFFFFF,#2E2E35,#FFFFFF,#FFFFFF,55218242f3de3c01074bf453f6f7c294a3a6b94c946b65afe274a93f7fb91abc
Tokyo Night,,,#414868,#F7768E,#9ECE6A,#E0AF68,#7AA2F7,#BB9AF7,#7DCFFF,#A9B1D6,#414868,#F7768E,#9ECE6A,#E0AF68,#7AA2F7,#BB9AF7,#7DCFFF,#C0CAF5,#1A1B26,#C0CAF5,#C0CAF5,92d0c154a4b8018f67d97cdf1e3cb9a76a41f7d914a12901f9225b5bbf2dd531
Tokyo Night Light,,,#0F0F14,#8C4351,#485E30,#8F5E15,#34548A,#5A4A78,#0F4B6E,#343B58,#9699A3,#8C4351,#485E30,#8F5E15,#34548A,#5A4A78,#0F4B6E,#343B58,#D5D6DB,#565A6E,#565A6E,a43bd3d0ab2141533f56e114a3e81868eb6e638fb8221bc020b03b40ea206c79
Tokyo Night Storm,,,#414868,#F7768E,#9ECE6A,#E0AF68,#7AA2F7,#BB9AF7,#7DCFFF,#C0CAF5,#414868,#F7768E,#9ECE6A,#E0AF68,#7AA2F7,#BB9AF7,#7DCFFF,#C0CAF5,#24283B,#C0CAF5,#C0CAF5,04699640ae59bac56d99ac20dd381f90755d60b823b3a05302170ed4780025a0
Tomorrow,Chris Kempson (http://chriskempson.com),light,#E0E0E0,#C82829,#718C00,#EAB700,#4271AE,#8959A8,#3E999F,#4D4D4C,#8E908C,#C82829,#718C00,#EAB700,#4271AE,#8959A8,#3E999F,#1D1F21,#FFFFFF,#4D4D4C,#4D4D4C,8270e24ddc40e8c902835d8e63bb44879d2c053fe8013387c753e4175330fa8d
Tomorrow Night,Chris Kempson (http://chriskempson.com),dark,#282A2E,#CC6666,#B5BD68,#F0C674,#81A2BE,#B294BB,#8ABEB7,#C5C8C6,#969896,#CC6666,#B5BD68,#F0C674,#81A2BE,#B294BB,#8ABEB7,#FFFFFF,#1D1F21,#C5C8C6,#C5C8C6,f27e1517cc3c3be63d4f8bb42332b1d378e0adb5318f038e346395971ac4b08f
Tomorrow Night Blue,Chris Kempson (http://chriskempson.com),dark,#00346E,#FF9DA4,#D1F1A9,#FFEEAD,#BBDAFF,#EBBBFF,#99FFFF,#FFFFFF,#7285B7,#FF9DA4,#D1F1A9,#FFEEAD,#BBDAFF,#EBBBFF,#99FFFF,#FFFFFF,#002451,#FFFFFF,#FFFFFF,cc58ab0564de5c86bb1168a3cb573ad59020a64b4cc2cc4aae7903520aba60b0
Tomorrow Night Bright,Chris Kempson (http://chriskempson.com),dark,#2A2A2A,#D54E53,#B9CA4A,#E7C547,#7AA6DA,#C397D8,#70C0B1,#EAEAEA,#969896,#D54E53,#B9CA4A,#E7C547,#7AA6DA,#C397D8,#70C0B1,#FFFFFF,#000000,#EAEAEA,#EAEAEA,7ff815925f3733af70258ddbef98f262ca82e85c90ba674673ae48ffdb71d99e
Tomorrow Night Eighties,Chris Kempson (http://chriskempson.com),dark,#393939,#F2777A,#99CC99,#FFCC66,#6699CC,#CC99CC,#66CCCC,#CCCCCC,#999999,#F2777A,#99CC99,#FFCC66,#6699CC,#CC99CC,#66CCCC,#FFFFFF,#2D2D2D,#CCCCCC,#CCCCCC,1df5443d722d33e91cc9a21e6414ae8f059fd24efde606dabc5dda740167a97d
Toy Chest,,,#2C3F58,#BE2D26,#1A9172,#DB8E27,#325D96,#8A5EDC,#35A08F,#23D183,#336889,#DD5944,#31D07B,#E7D84B,#34A6DA,#AE6BDC,#42C3AE,#D5D5D5,#24364B,#31D07B,#31D07B,1263a93754d79f5bf8988396403981196c4eeebdb88eb1e4b88658b83dc0134c
Treehouse,,,#321300,#B2270E,#44A900,#AA820C,#58859A,#97363D,#B25A1E,#786B53,#433626,#ED5D20,#55F238,#F2B732,#85CFED,#E14C5A,#F07D14,#FFC800,#191919,#786B53,#786B53,34dc5acc2cabdb1239c2746dcde46ceb0a83dcf0b13b38ab8d1034c9130b0bf6
Twilight,,,#141414,#C06D44,#AFB97A,#C2A86C,#44474A,#B4BE7C,#778385,#FFFFD4,#262626,#DE7C4C,#CCD88C,#E2C47E,#5A5E62,#D0DC8E,#8A989B,#FFFFD4,#141414,#FFFFD4,#FFFFD4,fa57b2fa6ab8b1c6b97cd4c341a278d7beaf869c0566c1d8c45be9194bf36276
Ura,,,#000000,#C21B6F,#6FC21B,#C26F1B,#1B6FC2,#6F1BC2,#1BC26F,#808080,#808080,#EE84B9,#B9EE84,#EEB984,#84B9EE,#B984EE,#84EEB9,#E5E5E5,#FEFFEE,#23476A,#23476A,d532a69c4756716dc173530380b21c07ca63dc19cf29d6d1b3ab0a1f72df12b7
Urple,,,#000000,#B0425B,#37A415,#AD5C42,#564D9B,#6C3CA1,#808080,#87799C,#5D3225,#FF6388,#29E620,#F08161,#867AED,#A05EEE,#EAEAEA,#BFA3FF,#1B1B23,#877A9B,#877A9B,3585049d78a3a46cf1f6ed6a6992cf661c7b72e0ee5c30ffc5af341bacb92fd9
Vag,,,#303030,#A87139,#39A871,#71A839,#7139A8,#A83971,#3971A8,#8A8A8A,#494949,#B0763B,#3BB076,#76B03B,#763BB0,#B03B76,#3B76B0,#CFCFCF,#191F1D,#D9E6F2,#D9E6F2,78c0bc7630f5307d11785d470a7818bf9d9d2cb3ffbdea0c794d9e5e92fd9deb
Vaombe,Daniel Perez (https://www.github.com/sysaloe),Dark,#111413,#8f3232,#3b5c3b,#7a6322,#28405c,#46285c,#346666,#d1d1d1,#212927,#b84242,#57a355,#dbbb60,#5183b8,#935fb8,#51b8b0,#f5fffd,#010a08,#f5fffd,#9df5e2,459570cea9e0217ee64863c8622587796692885187e0b224a2d577ca0781ec84
Vaughn,,,#25234F,#705050,#60B48A,#DFAF8F,#5555FF,#F08CC3,#8CD0D3,#709080,#709080,#DCA3A3,#60B48A,#F0DFAF,#5555FF,#EC93D3,#93E0E3,#FFFFFF,#25234F,#DCDCCC,#DCDCCC,c8e5b79b033f0d240e2dddb10114f55a2861c381ff3f2be01e6ed362086fc1c1
Vibrant Ink,,,#878787,#FF6600,#CCFF04,#FFCC00,#44B4CC,#9933CC,#44B4CC,#F5F5F5,#555555,#FF0000,#00FF00,#FFFF00,#0000FF,#FF00FF,#00FFFF,#E5E5E5,#000000,#FFFFFF,#FFFFFF,b21f2ec5bef1321de5cd01f60d7dfae0d56c2845736a83e3fc4e5ca27ec6cda4
Vs Code Dark+,,,#6A787A,#E9653B,#39E9A8,#E5B684,#44AAE6,#E17599,#3DD5E7,#C3DDE1,#598489,#E65029,#00FF9A,#E89440,#009AFB,#FF578F,#5FFFFF,#D9FBFF,#1E1E1E,#CCCCCC,#CCCCCC,e795c16ad4368b11ac8f3eb28ad2adfe464e676ad9cc9e9514d93c94b0a894ae
Vs Code Light+,,,#020202,#CD3232,#00BC00,#A5A900,#0752A8,#BC05BC,#0598BC,#343434,#5E5E5E,#CD3333,#1BCE1A,#ADBB5B,#0752A8,#C451CE,#52A8C7,#A6A3A6,#F9F9F9,#020202,#020202,e2375864208d140eaa6eee3b64cb21b596e32da35b5f1454ee177c68af9f15eb
Warm Neon,,,#000000,#E24346,#39B13A,#DAE145,#4261C5,#F920FB,#2ABBD4,#D0B8A3,#FEFCFC,#E97071,#9CC090,#DDDA7A,#7B91D6,#F674BA,#5ED1E5,#D8C8BB,#404040,#AFDAB6,#AFDAB6,fbb5a94daf57f3e337a57ad07ec48de945d6201b276c4837b1ac7bc2907ae200
Website,,,#183c44,#da4949,#bcca15,#ffb02e,#35a6e6,#d343a2,#38c995,#ffe8c1,#235662,#ff5757,#ecff14,#ffd694,#4cbfff,#ff4cc2,#35ffb6,#ffd48f,#132f35,#d1b890,#d1b890,4bec5150c03f19981a2cff7984d3134536fea684e8280166176adf3841fabbb3
Wez,,,#000000,#CC5555,#55CC55,#CDCD55,#5555CC,#CC55CC,#7ACACA,#CCCCCC,#555555,#FF5555,#55FF55,#FFFF55,#5555FF,#FF55FF,#55FFFF,#FFFFFF,#000000,#B3B3B3,#B3B3B3,5d75523e7fc1a8a66adce43140ed71774c0a1015ef5598ea3892d7bdee7f5960
Wild Cherry,,,#000507,#D94085,#2AB250,#FFD16F,#883CDC,#ECECEC,#C1B8B7,#FFF8DE,#009CC9,#DA6BAC,#F4DCA5,#EAC066,#308CBA,#AE636B,#FF919D,#E4838D,#1F1726,#DAFAFF,#DAFAFF,cc8082ff3fc18e989c9f7e00888aa61a0b77213cc9bda5cad06e4c2a240f2cad
Wombat,,,#000000,#FF615A,#B1E969,#EBD99C,#5DA9F6,#E86AFF,#82FFF7,#DEDACF,#313131,#F58C80,#DDF88F,#EEE5B2,#A5C7FF,#DDAAFF,#B7FFF9,#FFFFFF,#171717,#DEDACF,#DEDACF,c5f0a5b17dfd556ce8ebb47996b3c9eb424ceb36f829434d1066b7d8970df213
Wryan,,,#333333,#8C4665,#287373,#7C7C99,#395573,#5E468C,#31658C,#899CA1,#3D3D3D,#BF4D80,#53A6A6,#9E9ECB,#477AB3,#7E62B3,#6096BF,#C0C0C0,#101010,#999993,#999993,29bbfebf312aacbf1c689ba2b6e5abdcfc75d180e966eef849d70d9f2fce1189
Wzoreck,,,#2E3436,#FC6386,#A9DC76,#FCE94F,#FB976B,#75507B,#34E2E2,#FFFFFF,#989595,#FC6386,#A9DC76,#FCE94F,#FB976B,#AB9DF2,#34E2E2,#D1D1C0,#424043,#FCFCFA,#FCFCFA,d2493d59c25ca98dd8d03d47129dfa87c542505427d695a124abed74811afc25
Zenburn,,,#333333,#cc9393,#efef87,#ffd7a7,#c3bf97,#bca3a3,#93b3a3,#f0efd0,#757575,#dfaf87,#ffff87,#ffcfaf,#d7d7af,#d7afaf,#93bea3,#dcdccc,#3a3a3a,#dcdccc,#dcdccc,3b0e9781baafa8e4e9e171c666f0132e565fac5d0d69440369f7255758f73fe5
